colorspace,frame_width,frame_height,node_name,date,tmst_sec,tmst,num_faces,imageID
83,640,360,cam_3,2018-01-20 15:50:31,1516456231000.0,1,006d4a36-bb22-11ec-9080-a4bb6de99622
83,640,360,cam_3,2018-01-20 14:19:53,1516450793000.0,1,006d4a37-bb22-11ec-9080-a4bb6de99622
83,640,360,cam_3,2018-01-20 17:55:34,1516463734000.0,1,006d4a38-bb22-11ec-9080-a4bb6de99622
83,640,360,cam_3,2018-01-20 15:55:14,1516456514000.0,1,006d4a39-bb22-11ec-9080-a4bb6de99622
83,640,360,cam_3,2018-01-20 13:40:17,1516448417000.0,1,006d4a3a-bb22-11ec-9080-a4bb6de99622
83,640,360,cam_3,2018-01-20 16:21:43,1516458103000.0,1,006d4a3b-bb22-11ec-9080-a4bb6de99622
83,640,360,cam_3,2018-01-20 14:14:53,1516450493000.0,1,006d4a3c-bb22-11ec-9080-a4bb6de99622
83,640,360,cam_3,2018-01-20 17:10:22,1516461022000.0,1,006d4a3d-bb22-11ec-9080-a4bb6de99622
83,640,360,cam_3,2018-01-20 17:36:08,1516462568000.0,1,006d4a3e-bb22-11ec-9080-a4bb6de99622
83,640,360,cam_3,2018-01-20 14:22:08,1516450928000.0,1,006d4a3f-bb22-11ec-9080-a4bb6de99622
83,640,360,cam_3,2018-01-20 19:49:08,1516470548000.0,1,006d4a40-bb22-11ec-9080-a4bb6de99622
83,640,360,cam_3,2018-01-20 13:51:59,1516449119000.0,1,006d4a41-bb22-11ec-9080-a4bb6de99622
83,640,360,cam_3,2018-01-20 17:59:30,1516463970000.0,1,006d4a42-bb22-11ec-9080-a4bb6de99622
83,640,360,cam_3,2018-01-20 16:36:54,1516459014000.0,1,006d4a43-bb22-11ec-9080-a4bb6de99622
83,640,360,cam_3,2018-01-20 14:54:13,1516452853000.0,1,006d4a44-bb22-11ec-9080-a4bb6de99622
83,640,360,cam_3,2018-01-20 13:44:56,1516448696000.0,1,006d4a45-bb22-11ec-9080-a4bb6de99622
83,640,360,cam_3,2018-01-20 17:33:36,1516462416000.0,1,006d4a46-bb22-11ec-9080-a4bb6de99622
83,640,360,cam_3,2018-01-20 15:51:20,1516456280000.0,1,006d4a47-bb22-11ec-9080-a4bb6de99622
83,640,360,cam_3,2018-01-20 17:45:27,1516463127000.0,1,006d4a48-bb22-11ec-9080-a4bb6de99622
83,640,360,cam_3,2018-01-20 14:54:49,1516452889000.0,1,006d4a49-bb22-11ec-9080-a4bb6de99622
83,640,360,cam_3,2018-01-20 15:43:14,1516455794000.0,1,006d4a4a-bb22-11ec-9080-a4bb6de99622
83,640,360,cam_3,2018-01-20 15:17:46,1516454266000.0,1,006d4a4b-bb22-11ec-9080-a4bb6de99622
83,640,360,cam_3,2018-01-20 16:05:59,1516457159000.0,1,006d4a4c-bb22-11ec-9080-a4bb6de99622
83,640,360,cam_3,2018-01-20 13:57:16,1516449436000.0,1,006d4a4d-bb22-11ec-9080-a4bb6de99622
83,640,360,cam_3,2018-01-20 19:46:21,1516470381000.0,1,006d4a4e-bb22-11ec-9080-a4bb6de99622
83,640,360,cam_3,2018-01-20 15:17:36,1516454256000.0,1,006d4a4f-bb22-11ec-9080-a4bb6de99622
83,640,360,cam_3,2018-01-20 13:38:18,1516448298000.0,1,006d4a50-bb22-11ec-9080-a4bb6de99622
83,640,360,cam_3,2018-01-20 16:20:21,1516458021000.0,1,006d4a51-bb22-11ec-9080-a4bb6de99622
83,640,360,cam_3,2018-01-20 15:40:05,1516455605000.0,1,006d4a52-bb22-11ec-9080-a4bb6de99622
83,640,360,cam_3,2018-01-20 16:22:26,1516458146000.0,1,006d4a53-bb22-11ec-9080-a4bb6de99622
83,640,360,cam_3,2018-01-20 19:08:51,1516468131000.0,1,006d4a54-bb22-11ec-9080-a4bb6de99622
83,640,360,cam_3,2018-01-20 14:13:19,1516450399000.0,1,006d4a55-bb22-11ec-9080-a4bb6de99622
83,640,360,cam_3,2018-01-20 17:35:33,1516462533000.0,1,006d4a56-bb22-11ec-9080-a4bb6de99622
83,640,360,cam_3,2018-01-20 18:54:46,1516467286000.0,1,006d4a57-bb22-11ec-9080-a4bb6de99622
83,640,360,cam_3,2018-01-20 14:57:21,1516453041000.0,1,006d4a58-bb22-11ec-9080-a4bb6de99622
83,640,360,cam_3,2018-01-20 19:08:16,1516468096000.0,1,006d4a59-bb22-11ec-9080-a4bb6de99622
83,640,360,cam_3,2018-01-20 14:29:53,1516451393000.0,1,006d4a5a-bb22-11ec-9080-a4bb6de99622
83,640,360,cam_3,2018-01-20 16:14:30,1516457670000.0,1,006d4a5b-bb22-11ec-9080-a4bb6de99622
83,640,360,cam_3,2018-01-20 17:01:06,1516460466000.0,1,006d4a5c-bb22-11ec-9080-a4bb6de99622
83,640,360,cam_3,2018-01-20 17:11:38,1516461098000.0,1,006d4a5d-bb22-11ec-9080-a4bb6de99622
83,640,360,cam_3,2018-01-20 14:38:49,1516451929000.0,1,006d4a5e-bb22-11ec-9080-a4bb6de99622
83,640,360,cam_3,2018-01-20 13:56:32,1516449392000.0,1,006d4a5f-bb22-11ec-9080-a4bb6de99622
83,640,360,cam_3,2018-01-20 16:48:34,1516459714000.0,1,006d4a60-bb22-11ec-9080-a4bb6de99622
83,640,360,cam_3,2018-01-20 16:07:37,1516457257000.0,1,006d4a61-bb22-11ec-9080-a4bb6de99622
83,640,360,cam_3,2018-01-20 17:23:41,1516461821000.0,1,006d4a62-bb22-11ec-9080-a4bb6de99622
83,640,360,cam_3,2018-01-20 17:46:24,1516463184000.0,1,006d4a63-bb22-11ec-9080-a4bb6de99622
83,640,360,cam_3,2018-01-20 17:13:13,1516461193000.0,1,006d4a64-bb22-11ec-9080-a4bb6de99622
83,640,360,cam_3,2018-01-20 13:39:42,1516448382000.0,1,006d4a65-bb22-11ec-9080-a4bb6de99622
83,640,360,cam_3,2018-01-20 15:27:06,1516454826000.0,1,006d4a66-bb22-11ec-9080-a4bb6de99622
83,640,360,cam_3,2018-01-20 18:59:40,1516467580000.0,1,006d4a67-bb22-11ec-9080-a4bb6de99622
83,640,360,cam_3,2018-01-20 16:37:55,1516459075000.0,1,006d4a68-bb22-11ec-9080-a4bb6de99622
83,640,360,cam_3,2018-01-20 14:16:26,1516450586000.0,1,006d4a69-bb22-11ec-9080-a4bb6de99622
83,640,360,cam_3,2018-01-20 18:42:04,1516466524000.0,1,006d4a6a-bb22-11ec-9080-a4bb6de99622
83,640,360,cam_3,2018-01-20 17:18:11,1516461491000.0,1,006d4a6b-bb22-11ec-9080-a4bb6de99622
83,640,360,cam_3,2018-01-20 14:03:34,1516449814000.0,1,006d4a6c-bb22-11ec-9080-a4bb6de99622
83,640,360,cam_3,2018-01-20 17:55:48,1516463748000.0,1,006d4a6d-bb22-11ec-9080-a4bb6de99622
83,640,360,cam_3,2018-01-20 17:39:17,1516462757000.0,1,006d4a6e-bb22-11ec-9080-a4bb6de99622
83,640,360,cam_3,2018-01-20 16:08:46,1516457326000.0,1,006d4a6f-bb22-11ec-9080-a4bb6de99622
83,640,360,cam_3,2018-01-20 18:20:02,1516465202000.0,1,006d4a70-bb22-11ec-9080-a4bb6de99622
83,640,360,cam_3,2018-01-20 14:54:47,1516452887000.0,1,006d4a71-bb22-11ec-9080-a4bb6de99622
83,640,360,cam_3,2018-01-20 19:50:18,1516470618000.0,1,006d4a72-bb22-11ec-9080-a4bb6de99622
83,640,360,cam_3,2018-01-20 13:43:46,1516448626000.0,1,006d4a73-bb22-11ec-9080-a4bb6de99622
83,640,360,cam_3,2018-01-20 15:00:42,1516453242000.0,1,006d4a74-bb22-11ec-9080-a4bb6de99622
83,640,360,cam_3,2018-01-20 17:46:32,1516463192000.0,1,006d4a75-bb22-11ec-9080-a4bb6de99622
83,640,360,cam_3,2018-01-20 19:16:55,1516468615000.0,1,006d4a76-bb22-11ec-9080-a4bb6de99622
83,640,360,cam_3,2018-01-20 14:12:17,1516450337000.0,1,006d4a77-bb22-11ec-9080-a4bb6de99622
83,640,360,cam_3,2018-01-20 18:33:22,1516466002000.0,1,006d4a78-bb22-11ec-9080-a4bb6de99622
83,640,360,cam_3,2018-01-20 19:20:05,1516468805000.0,1,006d4a79-bb22-11ec-9080-a4bb6de99622
83,640,360,cam_3,2018-01-20 13:42:49,1516448569000.0,1,006d4a7a-bb22-11ec-9080-a4bb6de99622
83,640,360,cam_3,2018-01-20 15:47:59,1516456079000.0,1,006d4a7b-bb22-11ec-9080-a4bb6de99622
83,640,360,cam_3,2018-01-20 15:59:27,1516456767000.0,1,006d4a7c-bb22-11ec-9080-a4bb6de99622
83,640,360,cam_3,2018-01-20 17:55:52,1516463752000.0,1,006d4a7d-bb22-11ec-9080-a4bb6de99622
83,640,360,cam_3,2018-01-20 19:48:40,1516470520000.0,1,006d4a7e-bb22-11ec-9080-a4bb6de99622
83,640,360,cam_3,2018-01-20 15:25:48,1516454748000.0,1,006d4a7f-bb22-11ec-9080-a4bb6de99622
83,640,360,cam_3,2018-01-20 16:32:11,1516458731000.0,1,006d4a80-bb22-11ec-9080-a4bb6de99622
83,640,360,cam_3,2018-01-20 18:52:35,1516467155000.0,1,006d4a81-bb22-11ec-9080-a4bb6de99622
83,640,360,cam_3,2018-01-20 16:31:52,1516458712000.0,1,006d4a82-bb22-11ec-9080-a4bb6de99622
83,640,360,cam_3,2018-01-20 14:08:52,1516450132000.0,1,006d4a83-bb22-11ec-9080-a4bb6de99622
83,640,360,cam_3,2018-01-20 14:07:48,1516450068000.0,1,006d4a84-bb22-11ec-9080-a4bb6de99622
83,640,360,cam_3,2018-01-20 17:39:02,1516462742000.0,1,006d4a85-bb22-11ec-9080-a4bb6de99622
83,640,360,cam_3,2018-01-20 14:50:53,1516452653000.0,1,006d4a86-bb22-11ec-9080-a4bb6de99622
83,640,360,cam_3,2018-01-20 17:13:11,1516461191000.0,1,006d4a87-bb22-11ec-9080-a4bb6de99622
83,640,360,cam_3,2018-01-20 14:04:04,1516449844000.0,1,006d4a88-bb22-11ec-9080-a4bb6de99622
83,640,360,cam_3,2018-01-20 17:53:40,1516463620000.0,1,006d4a89-bb22-11ec-9080-a4bb6de99622
83,640,360,cam_3,2018-01-20 19:19:23,1516468763000.0,1,006d4a8a-bb22-11ec-9080-a4bb6de99622
83,640,360,cam_3,2018-01-20 13:55:29,1516449329000.0,1,006d4a8b-bb22-11ec-9080-a4bb6de99622
83,640,360,cam_3,2018-01-20 18:01:13,1516464073000.0,1,006d4a8c-bb22-11ec-9080-a4bb6de99622
83,640,360,cam_3,2018-01-20 14:35:01,1516451701000.0,1,006d4a8d-bb22-11ec-9080-a4bb6de99622
83,640,360,cam_3,2018-01-20 14:21:10,1516450870000.0,1,006d4a8e-bb22-11ec-9080-a4bb6de99622
83,640,360,cam_3,2018-01-20 19:46:38,1516470398000.0,1,006d4a8f-bb22-11ec-9080-a4bb6de99622
83,640,360,cam_3,2018-01-20 13:46:03,1516448763000.0,1,006d4a90-bb22-11ec-9080-a4bb6de99622
83,640,360,cam_3,2018-01-20 17:21:18,1516461678000.0,1,006d4a91-bb22-11ec-9080-a4bb6de99622
83,640,360,cam_3,2018-01-20 14:58:39,1516453119000.0,1,006d4a92-bb22-11ec-9080-a4bb6de99622
83,640,360,cam_3,2018-01-20 17:08:28,1516460908000.0,1,006d4a93-bb22-11ec-9080-a4bb6de99622
83,640,360,cam_3,2018-01-20 19:40:09,1516470009000.0,1,006d4a94-bb22-11ec-9080-a4bb6de99622
83,640,360,cam_3,2018-01-20 18:20:19,1516465219000.0,1,006d4a95-bb22-11ec-9080-a4bb6de99622
83,640,360,cam_3,2018-01-20 14:39:58,1516451998000.0,1,006d4a96-bb22-11ec-9080-a4bb6de99622
83,640,360,cam_3,2018-01-20 19:27:51,1516469271000.0,1,006d4a97-bb22-11ec-9080-a4bb6de99622
83,640,360,cam_3,2018-01-20 15:48:59,1516456139000.0,1,006d4a98-bb22-11ec-9080-a4bb6de99622
83,640,360,cam_3,2018-01-20 15:13:54,1516454034000.0,1,006d4a99-bb22-11ec-9080-a4bb6de99622
83,640,360,cam_3,2018-01-20 18:48:51,1516466931000.0,1,006d4a9a-bb22-11ec-9080-a4bb6de99622
83,640,360,cam_3,2018-01-20 17:55:13,1516463713000.0,1,006d4a9b-bb22-11ec-9080-a4bb6de99622
83,640,360,cam_3,2018-01-20 16:55:02,1516460102000.0,1,006d4a9c-bb22-11ec-9080-a4bb6de99622
83,640,360,cam_3,2018-01-20 14:52:55,1516452775000.0,1,006d4a9d-bb22-11ec-9080-a4bb6de99622
83,640,360,cam_3,2018-01-20 18:38:21,1516466301000.0,1,006d4a9e-bb22-11ec-9080-a4bb6de99622
83,640,360,cam_3,2018-01-20 16:00:46,1516456846000.0,1,006d4a9f-bb22-11ec-9080-a4bb6de99622
83,640,360,cam_3,2018-01-20 16:54:06,1516460046000.0,1,006d4aa0-bb22-11ec-9080-a4bb6de99622
83,640,360,cam_3,2018-01-20 13:41:12,1516448472000.0,1,006d4aa1-bb22-11ec-9080-a4bb6de99622
83,640,360,cam_3,2018-01-20 17:18:13,1516461493000.0,1,006d4aa2-bb22-11ec-9080-a4bb6de99622
83,640,360,cam_3,2018-01-20 15:20:08,1516454408000.0,1,006d4aa3-bb22-11ec-9080-a4bb6de99622
83,640,360,cam_3,2018-01-20 15:22:45,1516454565000.0,1,006d4aa4-bb22-11ec-9080-a4bb6de99622
83,640,360,cam_3,2018-01-20 14:14:09,1516450449000.0,1,006d4aa5-bb22-11ec-9080-a4bb6de99622
83,640,360,cam_3,2018-01-20 14:21:50,1516450910000.0,1,006d4aa6-bb22-11ec-9080-a4bb6de99622
83,640,360,cam_3,2018-01-20 15:03:07,1516453387000.0,1,006d4aa7-bb22-11ec-9080-a4bb6de99622
83,640,360,cam_3,2018-01-20 19:36:00,1516469760000.0,1,006d4aa8-bb22-11ec-9080-a4bb6de99622
83,640,360,cam_3,2018-01-20 15:54:44,1516456484000.0,1,006d4aa9-bb22-11ec-9080-a4bb6de99622
83,640,360,cam_3,2018-01-20 18:55:28,1516467328000.0,1,006d4aaa-bb22-11ec-9080-a4bb6de99622
83,640,360,cam_3,2018-01-20 17:39:23,1516462763000.0,1,006d4aab-bb22-11ec-9080-a4bb6de99622
83,640,360,cam_3,2018-01-20 14:48:56,1516452536000.0,1,006d4aac-bb22-11ec-9080-a4bb6de99622
83,640,360,cam_3,2018-01-20 17:22:40,1516461760000.0,1,006d4aad-bb22-11ec-9080-a4bb6de99622
83,640,360,cam_3,2018-01-20 17:54:50,1516463690000.0,1,006d4aae-bb22-11ec-9080-a4bb6de99622
83,640,360,cam_3,2018-01-20 18:45:41,1516466741000.0,1,006d4aaf-bb22-11ec-9080-a4bb6de99622
83,640,360,cam_3,2018-01-20 17:59:07,1516463947000.0,1,006d4ab0-bb22-11ec-9080-a4bb6de99622
83,640,360,cam_3,2018-01-20 18:24:03,1516465443000.0,1,006d4ab1-bb22-11ec-9080-a4bb6de99622
83,640,360,cam_3,2018-01-20 19:31:49,1516469509000.0,1,006d4ab2-bb22-11ec-9080-a4bb6de99622
83,640,360,cam_3,2018-01-20 17:31:26,1516462286000.0,1,006d4ab3-bb22-11ec-9080-a4bb6de99622
83,640,360,cam_3,2018-01-20 16:21:03,1516458063000.0,1,006d4ab4-bb22-11ec-9080-a4bb6de99622
83,640,360,cam_3,2018-01-20 17:21:49,1516461709000.0,1,006d4ab5-bb22-11ec-9080-a4bb6de99622
83,640,360,cam_3,2018-01-20 15:49:34,1516456174000.0,1,006d4ab6-bb22-11ec-9080-a4bb6de99622
83,640,360,cam_3,2018-01-20 14:38:05,1516451885000.0,1,006d4ab7-bb22-11ec-9080-a4bb6de99622
83,640,360,cam_3,2018-01-20 13:39:51,1516448391000.0,1,006d4ab8-bb22-11ec-9080-a4bb6de99622
83,640,360,cam_3,2018-01-20 14:59:05,1516453145000.0,1,006d4ab9-bb22-11ec-9080-a4bb6de99622
83,640,360,cam_3,2018-01-20 16:33:36,1516458816000.0,1,006d4aba-bb22-11ec-9080-a4bb6de99622
83,640,360,cam_3,2018-01-20 14:49:05,1516452545000.0,1,006d4abb-bb22-11ec-9080-a4bb6de99622
83,640,360,cam_3,2018-01-20 18:52:38,1516467158000.0,1,006d4abc-bb22-11ec-9080-a4bb6de99622
83,640,360,cam_3,2018-01-20 18:12:20,1516464740000.0,1,006d4abd-bb22-11ec-9080-a4bb6de99622
83,640,360,cam_3,2018-01-20 18:38:32,1516466312000.0,1,006d4abe-bb22-11ec-9080-a4bb6de99622
83,640,360,cam_3,2018-01-20 14:13:30,1516450410000.0,1,006d4abf-bb22-11ec-9080-a4bb6de99622
83,640,360,cam_3,2018-01-20 14:11:11,1516450271000.0,1,006d4ac0-bb22-11ec-9080-a4bb6de99622
83,640,360,cam_3,2018-01-20 17:14:56,1516461296000.0,1,006d4ac1-bb22-11ec-9080-a4bb6de99622
83,640,360,cam_3,2018-01-20 17:04:50,1516460690000.0,1,006d4ac2-bb22-11ec-9080-a4bb6de99622
83,640,360,cam_3,2018-01-20 13:45:01,1516448701000.0,1,006d4ac3-bb22-11ec-9080-a4bb6de99622
83,640,360,cam_3,2018-01-20 18:11:42,1516464702000.0,1,006d4ac4-bb22-11ec-9080-a4bb6de99622
83,640,360,cam_3,2018-01-20 15:01:01,1516453261000.0,1,006d4ac5-bb22-11ec-9080-a4bb6de99622
83,640,360,cam_3,2018-01-20 14:52:33,1516452753000.0,1,006d4ac6-bb22-11ec-9080-a4bb6de99622
83,640,360,cam_3,2018-01-20 18:01:16,1516464076000.0,1,006d4ac7-bb22-11ec-9080-a4bb6de99622
83,640,360,cam_3,2018-01-20 19:37:38,1516469858000.0,1,006d4ac8-bb22-11ec-9080-a4bb6de99622
83,640,360,cam_3,2018-01-20 16:46:07,1516459567000.0,1,006d4ac9-bb22-11ec-9080-a4bb6de99622
83,640,360,cam_3,2018-01-20 15:07:33,1516453653000.0,1,006d4aca-bb22-11ec-9080-a4bb6de99622
83,640,360,cam_3,2018-01-20 14:12:06,1516450326000.0,1,006d4acb-bb22-11ec-9080-a4bb6de99622
83,640,360,cam_3,2018-01-20 17:00:23,1516460423000.0,1,006d4acc-bb22-11ec-9080-a4bb6de99622
83,640,360,cam_3,2018-01-20 19:20:27,1516468827000.0,1,006d4acd-bb22-11ec-9080-a4bb6de99622
83,640,360,cam_3,2018-01-20 17:26:49,1516462009000.0,1,006d4ace-bb22-11ec-9080-a4bb6de99622
83,640,360,cam_3,2018-01-20 14:56:48,1516453008000.0,1,006d4acf-bb22-11ec-9080-a4bb6de99622
83,640,360,cam_3,2018-01-20 15:28:13,1516454893000.0,1,006d4ad0-bb22-11ec-9080-a4bb6de99622
83,640,360,cam_3,2018-01-20 15:53:02,1516456382000.0,1,006d4ad1-bb22-11ec-9080-a4bb6de99622
83,640,360,cam_3,2018-01-20 15:40:47,1516455647000.0,1,006d4ad2-bb22-11ec-9080-a4bb6de99622
83,640,360,cam_3,2018-01-20 19:07:11,1516468031000.0,1,006d4ad3-bb22-11ec-9080-a4bb6de99622
83,640,360,cam_3,2018-01-20 13:52:44,1516449164000.0,1,006d4ad4-bb22-11ec-9080-a4bb6de99622
83,640,360,cam_3,2018-01-20 18:31:26,1516465886000.0,1,006d4ad5-bb22-11ec-9080-a4bb6de99622
83,640,360,cam_3,2018-01-20 19:38:39,1516469919000.0,1,006d4ad6-bb22-11ec-9080-a4bb6de99622
83,640,360,cam_3,2018-01-20 18:12:08,1516464728000.0,1,006d4ad7-bb22-11ec-9080-a4bb6de99622
83,640,360,cam_3,2018-01-20 13:34:26,1516448066000.0,1,006d4ad8-bb22-11ec-9080-a4bb6de99622
83,640,360,cam_3,2018-01-20 19:33:23,1516469603000.0,1,006d4ad9-bb22-11ec-9080-a4bb6de99622
83,640,360,cam_3,2018-01-20 13:56:13,1516449373000.0,1,006d4ada-bb22-11ec-9080-a4bb6de99622
83,640,360,cam_3,2018-01-20 16:14:12,1516457652000.0,1,006d4adb-bb22-11ec-9080-a4bb6de99622
83,640,360,cam_3,2018-01-20 16:29:02,1516458542000.0,1,006d4adc-bb22-11ec-9080-a4bb6de99622
83,640,360,cam_3,2018-01-20 13:47:48,1516448868000.0,1,006d4add-bb22-11ec-9080-a4bb6de99622
83,640,360,cam_3,2018-01-20 18:41:37,1516466497000.0,1,006d4ade-bb22-11ec-9080-a4bb6de99622
83,640,360,cam_3,2018-01-20 18:16:33,1516464993000.0,1,006d4adf-bb22-11ec-9080-a4bb6de99622
83,640,360,cam_3,2018-01-20 19:00:01,1516467601000.0,1,006d4ae0-bb22-11ec-9080-a4bb6de99622
83,640,360,cam_3,2018-01-20 14:27:42,1516451262000.0,1,006d4ae1-bb22-11ec-9080-a4bb6de99622
83,640,360,cam_3,2018-01-20 14:39:17,1516451957000.0,1,006d4ae2-bb22-11ec-9080-a4bb6de99622
83,640,360,cam_3,2018-01-20 15:19:48,1516454388000.0,1,006d4ae3-bb22-11ec-9080-a4bb6de99622
83,640,360,cam_3,2018-01-20 17:41:06,1516462866000.0,1,006d4ae4-bb22-11ec-9080-a4bb6de99622
83,640,360,cam_3,2018-01-20 15:13:35,1516454015000.0,1,006d4ae5-bb22-11ec-9080-a4bb6de99622
83,640,360,cam_3,2018-01-20 15:28:24,1516454904000.0,1,006d4ae6-bb22-11ec-9080-a4bb6de99622
83,640,360,cam_3,2018-01-20 14:27:03,1516451223000.0,1,006d4ae7-bb22-11ec-9080-a4bb6de99622
83,640,360,cam_3,2018-01-20 14:34:34,1516451674000.0,1,006d4ae8-bb22-11ec-9080-a4bb6de99622
83,640,360,cam_3,2018-01-20 16:58:43,1516460323000.0,1,006d4ae9-bb22-11ec-9080-a4bb6de99622
83,640,360,cam_3,2018-01-20 19:11:54,1516468314000.0,1,006d4aea-bb22-11ec-9080-a4bb6de99622
83,640,360,cam_3,2018-01-20 16:55:54,1516460154000.0,1,006d4aeb-bb22-11ec-9080-a4bb6de99622
83,640,360,cam_3,2018-01-20 18:03:26,1516464206000.0,1,006d4aec-bb22-11ec-9080-a4bb6de99622
83,640,360,cam_3,2018-01-20 14:46:19,1516452379000.0,1,006d4aed-bb22-11ec-9080-a4bb6de99622
83,640,360,cam_3,2018-01-20 19:24:03,1516469043000.0,1,006d4aee-bb22-11ec-9080-a4bb6de99622
83,640,360,cam_3,2018-01-20 17:57:24,1516463844000.0,1,006d4aef-bb22-11ec-9080-a4bb6de99622
83,640,360,cam_3,2018-01-20 17:37:57,1516462677000.0,1,006d4af0-bb22-11ec-9080-a4bb6de99622
83,640,360,cam_3,2018-01-20 14:40:22,1516452022000.0,1,006d4af1-bb22-11ec-9080-a4bb6de99622
83,640,360,cam_3,2018-01-20 14:59:19,1516453159000.0,1,006d4af2-bb22-11ec-9080-a4bb6de99622
83,640,360,cam_3,2018-01-20 13:52:57,1516449177000.0,1,006d4af3-bb22-11ec-9080-a4bb6de99622
83,640,360,cam_3,2018-01-20 17:57:39,1516463859000.0,1,006d4af4-bb22-11ec-9080-a4bb6de99622
83,640,360,cam_3,2018-01-20 16:20:33,1516458033000.0,1,006d4af5-bb22-11ec-9080-a4bb6de99622
83,640,360,cam_3,2018-01-20 19:49:23,1516470563000.0,1,006d4af6-bb22-11ec-9080-a4bb6de99622
83,640,360,cam_3,2018-01-20 16:08:26,1516457306000.0,1,006d4af7-bb22-11ec-9080-a4bb6de99622
83,640,360,cam_3,2018-01-20 15:10:01,1516453801000.0,1,006d4af8-bb22-11ec-9080-a4bb6de99622
83,640,360,cam_3,2018-01-20 15:37:58,1516455478000.0,1,006d4af9-bb22-11ec-9080-a4bb6de99622
83,640,360,cam_3,2018-01-20 16:33:01,1516458781000.0,1,006d4afa-bb22-11ec-9080-a4bb6de99622
83,640,360,cam_3,2018-01-20 17:28:07,1516462087000.0,1,006d4afb-bb22-11ec-9080-a4bb6de99622
83,640,360,cam_3,2018-01-20 16:36:32,1516458992000.0,1,006d4afc-bb22-11ec-9080-a4bb6de99622
83,640,360,cam_3,2018-01-20 15:10:00,1516453800000.0,1,006d4afd-bb22-11ec-9080-a4bb6de99622
83,640,360,cam_3,2018-01-20 15:00:04,1516453204000.0,1,006d4afe-bb22-11ec-9080-a4bb6de99622
83,640,360,cam_3,2018-01-20 19:40:20,1516470020000.0,1,006d4aff-bb22-11ec-9080-a4bb6de99622
83,640,360,cam_3,2018-01-20 13:53:03,1516449183000.0,1,006d4b00-bb22-11ec-9080-a4bb6de99622
83,640,360,cam_3,2018-01-20 14:24:10,1516451050000.0,1,006d4b01-bb22-11ec-9080-a4bb6de99622
83,640,360,cam_3,2018-01-20 17:34:48,1516462488000.0,1,006d4b02-bb22-11ec-9080-a4bb6de99622
83,640,360,cam_3,2018-01-20 18:19:18,1516465158000.0,1,006d4b03-bb22-11ec-9080-a4bb6de99622
83,640,360,cam_3,2018-01-20 16:07:30,1516457250000.0,1,006d4b04-bb22-11ec-9080-a4bb6de99622
83,640,360,cam_3,2018-01-20 16:45:27,1516459527000.0,1,006d4b05-bb22-11ec-9080-a4bb6de99622
83,640,360,cam_3,2018-01-20 19:29:12,1516469352000.0,1,006d4b06-bb22-11ec-9080-a4bb6de99622
83,640,360,cam_3,2018-01-20 15:09:01,1516453741000.0,1,006d4b07-bb22-11ec-9080-a4bb6de99622
83,640,360,cam_3,2018-01-20 19:48:16,1516470496000.0,1,006d4b08-bb22-11ec-9080-a4bb6de99622
83,640,360,cam_3,2018-01-20 13:53:28,1516449208000.0,1,006d4b09-bb22-11ec-9080-a4bb6de99622
83,640,360,cam_3,2018-01-20 15:28:01,1516454881000.0,1,006d4b0a-bb22-11ec-9080-a4bb6de99622
83,640,360,cam_3,2018-01-20 16:49:37,1516459777000.0,1,006d4b0b-bb22-11ec-9080-a4bb6de99622
83,640,360,cam_3,2018-01-20 16:39:05,1516459145000.0,1,006d4b0c-bb22-11ec-9080-a4bb6de99622
83,640,360,cam_3,2018-01-20 17:19:43,1516461583000.0,1,006d4b0d-bb22-11ec-9080-a4bb6de99622
83,640,360,cam_3,2018-01-20 19:44:57,1516470297000.0,1,006d4b0e-bb22-11ec-9080-a4bb6de99622
83,640,360,cam_3,2018-01-20 17:44:53,1516463093000.0,1,006d4b0f-bb22-11ec-9080-a4bb6de99622
83,640,360,cam_3,2018-01-20 14:35:47,1516451747000.0,1,006d4b10-bb22-11ec-9080-a4bb6de99622
83,640,360,cam_3,2018-01-20 15:25:49,1516454749000.0,1,006d4b11-bb22-11ec-9080-a4bb6de99622
83,640,360,cam_3,2018-01-20 13:59:49,1516449589000.0,1,006d4b12-bb22-11ec-9080-a4bb6de99622
83,640,360,cam_3,2018-01-20 13:32:33,1516447953000.0,1,006d4b13-bb22-11ec-9080-a4bb6de99622
83,640,360,cam_3,2018-01-20 14:25:23,1516451123000.0,1,006d4b14-bb22-11ec-9080-a4bb6de99622
83,640,360,cam_3,2018-01-20 18:42:38,1516466558000.0,1,006d4b15-bb22-11ec-9080-a4bb6de99622
83,640,360,cam_3,2018-01-20 17:27:28,1516462048000.0,1,006d4b16-bb22-11ec-9080-a4bb6de99622
83,640,360,cam_3,2018-01-20 19:11:08,1516468268000.0,1,006d4b17-bb22-11ec-9080-a4bb6de99622
83,640,360,cam_3,2018-01-20 15:19:48,1516454388000.0,1,006d4b18-bb22-11ec-9080-a4bb6de99622
83,640,360,cam_3,2018-01-20 14:21:28,1516450888000.0,1,006d4b19-bb22-11ec-9080-a4bb6de99622
83,640,360,cam_3,2018-01-20 16:28:23,1516458503000.0,1,006d4b1a-bb22-11ec-9080-a4bb6de99622
83,640,360,cam_3,2018-01-20 15:44:56,1516455896000.0,1,006d4b1b-bb22-11ec-9080-a4bb6de99622
83,640,360,cam_3,2018-01-20 19:05:18,1516467918000.0,1,006d4b1c-bb22-11ec-9080-a4bb6de99622
83,640,360,cam_3,2018-01-20 15:52:49,1516456369000.0,1,006d4b1d-bb22-11ec-9080-a4bb6de99622
83,640,360,cam_3,2018-01-20 13:45:55,1516448755000.0,1,006d4b1e-bb22-11ec-9080-a4bb6de99622
83,640,360,cam_3,2018-01-20 14:20:22,1516450822000.0,1,006d4b1f-bb22-11ec-9080-a4bb6de99622
83,640,360,cam_3,2018-01-20 15:52:55,1516456375000.0,1,006d4b20-bb22-11ec-9080-a4bb6de99622
83,640,360,cam_3,2018-01-20 15:31:31,1516455091000.0,1,006d4b21-bb22-11ec-9080-a4bb6de99622
83,640,360,cam_3,2018-01-20 13:31:10,1516447870000.0,1,006d4b22-bb22-11ec-9080-a4bb6de99622
83,640,360,cam_3,2018-01-20 14:44:05,1516452245000.0,1,006d4b23-bb22-11ec-9080-a4bb6de99622
83,640,360,cam_3,2018-01-20 16:28:29,1516458509000.0,1,006d4b24-bb22-11ec-9080-a4bb6de99622
83,640,360,cam_3,2018-01-20 17:13:59,1516461239000.0,1,006d4b25-bb22-11ec-9080-a4bb6de99622
83,640,360,cam_3,2018-01-20 16:38:45,1516459125000.0,1,006d4b26-bb22-11ec-9080-a4bb6de99622
83,640,360,cam_3,2018-01-20 19:16:06,1516468566000.0,1,006d4b27-bb22-11ec-9080-a4bb6de99622
83,640,360,cam_3,2018-01-20 15:55:41,1516456541000.0,1,006d4b28-bb22-11ec-9080-a4bb6de99622
83,640,360,cam_3,2018-01-20 17:24:52,1516461892000.0,1,006d4b29-bb22-11ec-9080-a4bb6de99622
83,640,360,cam_3,2018-01-20 18:07:22,1516464442000.0,1,006d4b2a-bb22-11ec-9080-a4bb6de99622
83,640,360,cam_3,2018-01-20 17:51:34,1516463494000.0,1,006d4b2b-bb22-11ec-9080-a4bb6de99622
83,640,360,cam_3,2018-01-20 16:54:23,1516460063000.0,1,006d4b2c-bb22-11ec-9080-a4bb6de99622
83,640,360,cam_3,2018-01-20 15:39:00,1516455540000.0,1,006d4b2d-bb22-11ec-9080-a4bb6de99622
83,640,360,cam_3,2018-01-20 18:59:15,1516467555000.0,1,006d4b2e-bb22-11ec-9080-a4bb6de99622
83,640,360,cam_3,2018-01-20 16:42:13,1516459333000.0,1,006d4b2f-bb22-11ec-9080-a4bb6de99622
83,640,360,cam_3,2018-01-20 17:14:06,1516461246000.0,1,006d4b30-bb22-11ec-9080-a4bb6de99622
83,640,360,cam_3,2018-01-20 18:18:05,1516465085000.0,1,006d4b31-bb22-11ec-9080-a4bb6de99622
83,640,360,cam_3,2018-01-20 19:06:06,1516467966000.0,1,006d4b32-bb22-11ec-9080-a4bb6de99622
83,640,360,cam_3,2018-01-20 17:43:21,1516463001000.0,1,006d4b33-bb22-11ec-9080-a4bb6de99622
83,640,360,cam_3,2018-01-20 19:09:56,1516468196000.0,1,006d4b34-bb22-11ec-9080-a4bb6de99622
83,640,360,cam_3,2018-01-20 19:20:38,1516468838000.0,1,006d4b35-bb22-11ec-9080-a4bb6de99622
83,640,360,cam_3,2018-01-20 18:59:33,1516467573000.0,1,006d4b36-bb22-11ec-9080-a4bb6de99622
83,640,360,cam_3,2018-01-20 17:10:21,1516461021000.0,1,006d4b37-bb22-11ec-9080-a4bb6de99622
83,640,360,cam_3,2018-01-20 17:00:03,1516460403000.0,1,006d4b38-bb22-11ec-9080-a4bb6de99622
83,640,360,cam_3,2018-01-20 14:49:37,1516452577000.0,1,006d4b39-bb22-11ec-9080-a4bb6de99622
83,640,360,cam_3,2018-01-20 14:56:11,1516452971000.0,1,006d4b3a-bb22-11ec-9080-a4bb6de99622
83,640,360,cam_3,2018-01-20 18:29:11,1516465751000.0,1,006d4b3b-bb22-11ec-9080-a4bb6de99622
83,640,360,cam_3,2018-01-20 16:54:53,1516460093000.0,1,006d4b3c-bb22-11ec-9080-a4bb6de99622
83,640,360,cam_3,2018-01-20 18:09:35,1516464575000.0,1,006d4b3d-bb22-11ec-9080-a4bb6de99622
83,640,360,cam_3,2018-01-20 18:35:24,1516466124000.0,1,006d4b3e-bb22-11ec-9080-a4bb6de99622
83,640,360,cam_3,2018-01-20 17:36:42,1516462602000.0,1,006d4b3f-bb22-11ec-9080-a4bb6de99622
83,640,360,cam_3,2018-01-20 13:30:46,1516447846000.0,1,006d4b40-bb22-11ec-9080-a4bb6de99622
83,640,360,cam_3,2018-01-20 19:10:17,1516468217000.0,1,006d4b41-bb22-11ec-9080-a4bb6de99622
83,640,360,cam_3,2018-01-20 17:38:12,1516462692000.0,1,006d4b42-bb22-11ec-9080-a4bb6de99622
83,640,360,cam_3,2018-01-20 15:07:21,1516453641000.0,1,006d4b43-bb22-11ec-9080-a4bb6de99622
83,640,360,cam_3,2018-01-20 18:16:10,1516464970000.0,1,006d4b44-bb22-11ec-9080-a4bb6de99622
83,640,360,cam_3,2018-01-20 13:47:02,1516448822000.0,1,006d4b45-bb22-11ec-9080-a4bb6de99622
83,640,360,cam_3,2018-01-20 14:59:05,1516453145000.0,1,006d4b46-bb22-11ec-9080-a4bb6de99622
83,640,360,cam_3,2018-01-20 16:02:54,1516456974000.0,1,006d4b47-bb22-11ec-9080-a4bb6de99622
83,640,360,cam_3,2018-01-20 16:59:36,1516460376000.0,1,006d4b48-bb22-11ec-9080-a4bb6de99622
83,640,360,cam_3,2018-01-20 18:12:43,1516464763000.0,1,006d4b49-bb22-11ec-9080-a4bb6de99622
83,640,360,cam_3,2018-01-20 17:18:41,1516461521000.0,1,006d4b4a-bb22-11ec-9080-a4bb6de99622
83,640,360,cam_3,2018-01-20 19:28:52,1516469332000.0,1,006d4b4b-bb22-11ec-9080-a4bb6de99622
83,640,360,cam_3,2018-01-20 15:08:23,1516453703000.0,1,006d4b4c-bb22-11ec-9080-a4bb6de99622
83,640,360,cam_3,2018-01-20 14:50:00,1516452600000.0,1,006d4b4d-bb22-11ec-9080-a4bb6de99622
83,640,360,cam_3,2018-01-20 17:05:56,1516460756000.0,1,006d4b4e-bb22-11ec-9080-a4bb6de99622
83,640,360,cam_3,2018-01-20 13:31:52,1516447912000.0,1,006d4b4f-bb22-11ec-9080-a4bb6de99622
83,640,360,cam_3,2018-01-20 16:15:07,1516457707000.0,1,006d4b50-bb22-11ec-9080-a4bb6de99622
83,640,360,cam_3,2018-01-20 14:44:58,1516452298000.0,1,006d4b51-bb22-11ec-9080-a4bb6de99622
83,640,360,cam_3,2018-01-20 19:13:02,1516468382000.0,1,006d4b52-bb22-11ec-9080-a4bb6de99622
83,640,360,cam_3,2018-01-20 18:19:33,1516465173000.0,1,006d4b53-bb22-11ec-9080-a4bb6de99622
83,640,360,cam_3,2018-01-20 15:17:46,1516454266000.0,1,006d4b54-bb22-11ec-9080-a4bb6de99622
83,640,360,cam_3,2018-01-20 19:25:02,1516469102000.0,1,006d4b55-bb22-11ec-9080-a4bb6de99622
83,640,360,cam_3,2018-01-20 16:27:14,1516458434000.0,1,006d4b56-bb22-11ec-9080-a4bb6de99622
83,640,360,cam_3,2018-01-20 19:08:47,1516468127000.0,1,006d4b57-bb22-11ec-9080-a4bb6de99622
83,640,360,cam_3,2018-01-20 16:43:08,1516459388000.0,1,006d4b58-bb22-11ec-9080-a4bb6de99622
83,640,360,cam_3,2018-01-20 18:10:22,1516464622000.0,1,006d4b59-bb22-11ec-9080-a4bb6de99622
83,640,360,cam_3,2018-01-20 19:14:04,1516468444000.0,1,006d4b5a-bb22-11ec-9080-a4bb6de99622
83,640,360,cam_3,2018-01-20 15:56:34,1516456594000.0,1,006d4b5b-bb22-11ec-9080-a4bb6de99622
83,640,360,cam_3,2018-01-20 15:39:19,1516455559000.0,1,006d4b5c-bb22-11ec-9080-a4bb6de99622
83,640,360,cam_3,2018-01-20 18:24:25,1516465465000.0,1,006d4b5d-bb22-11ec-9080-a4bb6de99622
83,640,360,cam_3,2018-01-20 19:42:07,1516470127000.0,1,006d4b5e-bb22-11ec-9080-a4bb6de99622
83,640,360,cam_3,2018-01-20 15:43:34,1516455814000.0,1,006d4b5f-bb22-11ec-9080-a4bb6de99622
83,640,360,cam_3,2018-01-20 14:22:04,1516450924000.0,1,006d4b60-bb22-11ec-9080-a4bb6de99622
83,640,360,cam_3,2018-01-20 18:03:20,1516464200000.0,1,006d4b61-bb22-11ec-9080-a4bb6de99622
83,640,360,cam_3,2018-01-20 19:06:38,1516467998000.0,1,006d4b62-bb22-11ec-9080-a4bb6de99622
83,640,360,cam_3,2018-01-20 18:39:24,1516466364000.0,1,006d4b63-bb22-11ec-9080-a4bb6de99622
83,640,360,cam_3,2018-01-20 13:55:38,1516449338000.0,1,006d4b64-bb22-11ec-9080-a4bb6de99622
83,640,360,cam_3,2018-01-20 15:15:43,1516454143000.0,1,006d4b65-bb22-11ec-9080-a4bb6de99622
83,640,360,cam_3,2018-01-20 18:35:17,1516466117000.0,1,006d4b66-bb22-11ec-9080-a4bb6de99622
83,640,360,cam_3,2018-01-20 15:13:45,1516454025000.0,1,006d4b67-bb22-11ec-9080-a4bb6de99622
83,640,360,cam_3,2018-01-20 17:42:10,1516462930000.0,1,006d4b68-bb22-11ec-9080-a4bb6de99622
83,640,360,cam_3,2018-01-20 15:39:49,1516455589000.0,1,006d4b69-bb22-11ec-9080-a4bb6de99622
83,640,360,cam_3,2018-01-20 18:03:23,1516464203000.0,1,006d4b6a-bb22-11ec-9080-a4bb6de99622
83,640,360,cam_3,2018-01-20 14:54:50,1516452890000.0,1,006d4b6b-bb22-11ec-9080-a4bb6de99622
83,640,360,cam_3,2018-01-20 19:05:00,1516467900000.0,1,006d4b6c-bb22-11ec-9080-a4bb6de99622
83,640,360,cam_3,2018-01-20 16:54:21,1516460061000.0,1,006d4b6d-bb22-11ec-9080-a4bb6de99622
83,640,360,cam_3,2018-01-20 17:28:08,1516462088000.0,1,006d4b6e-bb22-11ec-9080-a4bb6de99622
83,640,360,cam_3,2018-01-20 14:52:58,1516452778000.0,1,006d4b6f-bb22-11ec-9080-a4bb6de99622
83,640,360,cam_3,2018-01-20 19:32:08,1516469528000.0,1,006d4b70-bb22-11ec-9080-a4bb6de99622
83,640,360,cam_3,2018-01-20 14:54:17,1516452857000.0,1,006d4b71-bb22-11ec-9080-a4bb6de99622
83,640,360,cam_3,2018-01-20 19:47:19,1516470439000.0,1,006d4b72-bb22-11ec-9080-a4bb6de99622
83,640,360,cam_3,2018-01-20 15:22:45,1516454565000.0,1,006d4b73-bb22-11ec-9080-a4bb6de99622
83,640,360,cam_3,2018-01-20 14:50:01,1516452601000.0,1,006d4b74-bb22-11ec-9080-a4bb6de99622
83,640,360,cam_3,2018-01-20 14:38:15,1516451895000.0,1,006d4b75-bb22-11ec-9080-a4bb6de99622
83,640,360,cam_3,2018-01-20 19:45:19,1516470319000.0,1,006d4b76-bb22-11ec-9080-a4bb6de99622
83,640,360,cam_3,2018-01-20 14:00:57,1516449657000.0,1,006d4b77-bb22-11ec-9080-a4bb6de99622
83,640,360,cam_3,2018-01-20 14:30:29,1516451429000.0,1,006d4b78-bb22-11ec-9080-a4bb6de99622
83,640,360,cam_3,2018-01-20 14:01:14,1516449674000.0,1,006d4b79-bb22-11ec-9080-a4bb6de99622
83,640,360,cam_3,2018-01-20 14:03:02,1516449782000.0,1,006d4b7a-bb22-11ec-9080-a4bb6de99622
83,640,360,cam_3,2018-01-20 19:35:51,1516469751000.0,1,006d4b7b-bb22-11ec-9080-a4bb6de99622
83,640,360,cam_3,2018-01-20 19:21:54,1516468914000.0,1,006d4b7c-bb22-11ec-9080-a4bb6de99622
83,640,360,cam_3,2018-01-20 16:30:41,1516458641000.0,1,006d4b7d-bb22-11ec-9080-a4bb6de99622
83,640,360,cam_3,2018-01-20 19:00:18,1516467618000.0,1,006d4b7e-bb22-11ec-9080-a4bb6de99622
83,640,360,cam_3,2018-01-20 14:10:05,1516450205000.0,1,006d4b7f-bb22-11ec-9080-a4bb6de99622
83,640,360,cam_3,2018-01-20 17:49:17,1516463357000.0,1,006d4b80-bb22-11ec-9080-a4bb6de99622
83,640,360,cam_3,2018-01-20 17:27:27,1516462047000.0,1,006d4b81-bb22-11ec-9080-a4bb6de99622
83,640,360,cam_3,2018-01-20 15:19:08,1516454348000.0,1,006d4b82-bb22-11ec-9080-a4bb6de99622
83,640,360,cam_3,2018-01-20 15:39:56,1516455596000.0,1,006d4b83-bb22-11ec-9080-a4bb6de99622
83,640,360,cam_3,2018-01-20 17:01:26,1516460486000.0,1,006d4b84-bb22-11ec-9080-a4bb6de99622
83,640,360,cam_3,2018-01-20 18:57:03,1516467423000.0,1,006d4b85-bb22-11ec-9080-a4bb6de99622
83,640,360,cam_3,2018-01-20 14:01:37,1516449697000.0,1,006d4b86-bb22-11ec-9080-a4bb6de99622
83,640,360,cam_3,2018-01-20 14:10:20,1516450220000.0,1,006d4b87-bb22-11ec-9080-a4bb6de99622
83,640,360,cam_3,2018-01-20 15:02:31,1516453351000.0,1,006d4b88-bb22-11ec-9080-a4bb6de99622
83,640,360,cam_3,2018-01-20 13:41:25,1516448485000.0,1,006d4b89-bb22-11ec-9080-a4bb6de99622
83,640,360,cam_3,2018-01-20 17:49:56,1516463396000.0,1,006d4b8a-bb22-11ec-9080-a4bb6de99622
83,640,360,cam_3,2018-01-20 14:55:09,1516452909000.0,1,006d4b8b-bb22-11ec-9080-a4bb6de99622
83,640,360,cam_3,2018-01-20 15:34:07,1516455247000.0,1,006d4b8c-bb22-11ec-9080-a4bb6de99622
83,640,360,cam_3,2018-01-20 15:02:35,1516453355000.0,1,006d4b8d-bb22-11ec-9080-a4bb6de99622
83,640,360,cam_3,2018-01-20 17:27:03,1516462023000.0,1,006d4b8e-bb22-11ec-9080-a4bb6de99622
83,640,360,cam_3,2018-01-20 13:41:19,1516448479000.0,1,006d4b8f-bb22-11ec-9080-a4bb6de99622
83,640,360,cam_3,2018-01-20 17:45:57,1516463157000.0,1,006d4b90-bb22-11ec-9080-a4bb6de99622
83,640,360,cam_3,2018-01-20 17:55:43,1516463743000.0,1,006d4b91-bb22-11ec-9080-a4bb6de99622
83,640,360,cam_3,2018-01-20 19:39:36,1516469976000.0,1,006d4b92-bb22-11ec-9080-a4bb6de99622
83,640,360,cam_3,2018-01-20 18:55:48,1516467348000.0,1,006d4b93-bb22-11ec-9080-a4bb6de99622
83,640,360,cam_3,2018-01-20 17:37:27,1516462647000.0,1,006d4b94-bb22-11ec-9080-a4bb6de99622
83,640,360,cam_3,2018-01-20 19:14:31,1516468471000.0,1,006d4b95-bb22-11ec-9080-a4bb6de99622
83,640,360,cam_3,2018-01-20 19:48:18,1516470498000.0,1,006d4b96-bb22-11ec-9080-a4bb6de99622
83,640,360,cam_3,2018-01-20 16:21:21,1516458081000.0,1,006d4b97-bb22-11ec-9080-a4bb6de99622
83,640,360,cam_3,2018-01-20 14:14:31,1516450471000.0,1,006d4b98-bb22-11ec-9080-a4bb6de99622
83,640,360,cam_3,2018-01-20 16:49:59,1516459799000.0,1,006d4b99-bb22-11ec-9080-a4bb6de99622
83,640,360,cam_3,2018-01-20 16:55:05,1516460105000.0,1,006d4b9a-bb22-11ec-9080-a4bb6de99622
83,640,360,cam_3,2018-01-20 16:12:57,1516457577000.0,1,006d4b9b-bb22-11ec-9080-a4bb6de99622
83,640,360,cam_3,2018-01-20 13:45:43,1516448743000.0,1,006d4b9c-bb22-11ec-9080-a4bb6de99622
83,640,360,cam_3,2018-01-20 17:03:25,1516460605000.0,1,006d4b9d-bb22-11ec-9080-a4bb6de99622
83,640,360,cam_3,2018-01-20 15:50:31,1516456231000.0,1,006d4b9e-bb22-11ec-9080-a4bb6de99622
83,640,360,cam_3,2018-01-20 16:36:52,1516459012000.0,1,006d4b9f-bb22-11ec-9080-a4bb6de99622
83,640,360,cam_3,2018-01-20 15:45:15,1516455915000.0,1,006d4ba0-bb22-11ec-9080-a4bb6de99622
83,640,360,cam_3,2018-01-20 13:41:15,1516448475000.0,1,006d4ba1-bb22-11ec-9080-a4bb6de99622
83,640,360,cam_3,2018-01-20 16:28:18,1516458498000.0,1,006d4ba2-bb22-11ec-9080-a4bb6de99622
83,640,360,cam_3,2018-01-20 17:59:17,1516463957000.0,1,006d4ba3-bb22-11ec-9080-a4bb6de99622
83,640,360,cam_3,2018-01-20 17:28:36,1516462116000.0,1,006d4ba4-bb22-11ec-9080-a4bb6de99622
83,640,360,cam_3,2018-01-20 19:35:16,1516469716000.0,1,006d4ba5-bb22-11ec-9080-a4bb6de99622
83,640,360,cam_3,2018-01-20 15:12:11,1516453931000.0,1,006d4ba6-bb22-11ec-9080-a4bb6de99622
83,640,360,cam_3,2018-01-20 14:45:20,1516452320000.0,1,006d4ba7-bb22-11ec-9080-a4bb6de99622
83,640,360,cam_3,2018-01-20 16:20:11,1516458011000.0,1,006d4ba8-bb22-11ec-9080-a4bb6de99622
83,640,360,cam_3,2018-01-20 18:39:36,1516466376000.0,1,006d4ba9-bb22-11ec-9080-a4bb6de99622
83,640,360,cam_3,2018-01-20 18:54:19,1516467259000.0,1,006d4baa-bb22-11ec-9080-a4bb6de99622
83,640,360,cam_3,2018-01-20 17:50:10,1516463410000.0,1,006d4bab-bb22-11ec-9080-a4bb6de99622
83,640,360,cam_3,2018-01-20 14:43:53,1516452233000.0,1,006d4bac-bb22-11ec-9080-a4bb6de99622
83,640,360,cam_3,2018-01-20 16:34:19,1516458859000.0,1,006d4bad-bb22-11ec-9080-a4bb6de99622
83,640,360,cam_3,2018-01-20 17:05:34,1516460734000.0,1,006d4bae-bb22-11ec-9080-a4bb6de99622
83,640,360,cam_3,2018-01-20 16:44:05,1516459445000.0,1,006d4baf-bb22-11ec-9080-a4bb6de99622
83,640,360,cam_3,2018-01-20 17:47:07,1516463227000.0,1,006d4bb0-bb22-11ec-9080-a4bb6de99622
83,640,360,cam_3,2018-01-20 19:21:06,1516468866000.0,1,006d4bb1-bb22-11ec-9080-a4bb6de99622
83,640,360,cam_3,2018-01-20 16:55:37,1516460137000.0,1,006d4bb2-bb22-11ec-9080-a4bb6de99622
83,640,360,cam_3,2018-01-20 17:15:44,1516461344000.0,1,006d4bb3-bb22-11ec-9080-a4bb6de99622
83,640,360,cam_3,2018-01-20 13:46:27,1516448787000.0,1,006d4bb4-bb22-11ec-9080-a4bb6de99622
83,640,360,cam_3,2018-01-20 18:32:41,1516465961000.0,1,006d4bb5-bb22-11ec-9080-a4bb6de99622
83,640,360,cam_3,2018-01-20 19:13:28,1516468408000.0,1,006d4bb6-bb22-11ec-9080-a4bb6de99622
83,640,360,cam_3,2018-01-20 17:56:12,1516463772000.0,1,006d4bb7-bb22-11ec-9080-a4bb6de99622
83,640,360,cam_3,2018-01-20 14:59:58,1516453198000.0,1,006d4bb8-bb22-11ec-9080-a4bb6de99622
83,640,360,cam_3,2018-01-20 19:16:23,1516468583000.0,1,006d4bb9-bb22-11ec-9080-a4bb6de99622
83,640,360,cam_3,2018-01-20 14:51:55,1516452715000.0,1,006d4bba-bb22-11ec-9080-a4bb6de99622
83,640,360,cam_3,2018-01-20 16:45:04,1516459504000.0,1,006d4bbb-bb22-11ec-9080-a4bb6de99622
83,640,360,cam_3,2018-01-20 13:51:35,1516449095000.0,1,006d4bbc-bb22-11ec-9080-a4bb6de99622
83,640,360,cam_3,2018-01-20 18:56:16,1516467376000.0,1,006d4bbd-bb22-11ec-9080-a4bb6de99622
83,640,360,cam_3,2018-01-20 14:05:32,1516449932000.0,1,006d4bbe-bb22-11ec-9080-a4bb6de99622
83,640,360,cam_3,2018-01-20 16:41:55,1516459315000.0,1,006d4bbf-bb22-11ec-9080-a4bb6de99622
83,640,360,cam_3,2018-01-20 15:55:39,1516456539000.0,1,006d4bc0-bb22-11ec-9080-a4bb6de99622
83,640,360,cam_3,2018-01-20 16:11:36,1516457496000.0,1,006d4bc1-bb22-11ec-9080-a4bb6de99622
83,640,360,cam_3,2018-01-20 14:05:29,1516449929000.0,1,006d4bc2-bb22-11ec-9080-a4bb6de99622
83,640,360,cam_3,2018-01-20 19:46:46,1516470406000.0,1,006d4bc3-bb22-11ec-9080-a4bb6de99622
83,640,360,cam_3,2018-01-20 19:09:55,1516468195000.0,1,006d4bc4-bb22-11ec-9080-a4bb6de99622
83,640,360,cam_3,2018-01-20 16:09:12,1516457352000.0,1,006d4bc5-bb22-11ec-9080-a4bb6de99622
83,640,360,cam_3,2018-01-20 16:26:25,1516458385000.0,1,006d4bc6-bb22-11ec-9080-a4bb6de99622
83,640,360,cam_3,2018-01-20 15:26:43,1516454803000.0,1,006d4bc7-bb22-11ec-9080-a4bb6de99622
83,640,360,cam_3,2018-01-20 15:34:23,1516455263000.0,1,006d4bc8-bb22-11ec-9080-a4bb6de99622
83,640,360,cam_3,2018-01-20 18:03:23,1516464203000.0,1,006d4bc9-bb22-11ec-9080-a4bb6de99622
83,640,360,cam_3,2018-01-20 18:40:02,1516466402000.0,1,006d4bca-bb22-11ec-9080-a4bb6de99622
83,640,360,cam_3,2018-01-20 18:52:37,1516467157000.0,1,006d4bcb-bb22-11ec-9080-a4bb6de99622
83,640,360,cam_3,2018-01-20 18:36:07,1516466167000.0,1,006d4bcc-bb22-11ec-9080-a4bb6de99622
83,640,360,cam_3,2018-01-20 18:23:32,1516465412000.0,1,006d4bcd-bb22-11ec-9080-a4bb6de99622
83,640,360,cam_3,2018-01-20 17:40:16,1516462816000.0,1,006d4bce-bb22-11ec-9080-a4bb6de99622
83,640,360,cam_3,2018-01-20 19:26:12,1516469172000.0,1,006d4bcf-bb22-11ec-9080-a4bb6de99622
83,640,360,cam_3,2018-01-20 17:36:39,1516462599000.0,1,006d4bd0-bb22-11ec-9080-a4bb6de99622
83,640,360,cam_3,2018-01-20 18:14:30,1516464870000.0,1,006d4bd1-bb22-11ec-9080-a4bb6de99622
83,640,360,cam_3,2018-01-20 15:32:34,1516455154000.0,1,006d4bd2-bb22-11ec-9080-a4bb6de99622
83,640,360,cam_3,2018-01-20 15:12:54,1516453974000.0,1,006d4bd3-bb22-11ec-9080-a4bb6de99622
83,640,360,cam_3,2018-01-20 19:17:38,1516468658000.0,1,006d4bd4-bb22-11ec-9080-a4bb6de99622
83,640,360,cam_3,2018-01-20 15:10:20,1516453820000.0,1,006d4bd5-bb22-11ec-9080-a4bb6de99622
83,640,360,cam_3,2018-01-20 15:45:45,1516455945000.0,1,006d4bd6-bb22-11ec-9080-a4bb6de99622
83,640,360,cam_3,2018-01-20 14:31:22,1516451482000.0,1,006d4bd7-bb22-11ec-9080-a4bb6de99622
83,640,360,cam_3,2018-01-20 17:48:44,1516463324000.0,1,006d4bd8-bb22-11ec-9080-a4bb6de99622
83,640,360,cam_3,2018-01-20 17:47:31,1516463251000.0,1,006d4bd9-bb22-11ec-9080-a4bb6de99622
83,640,360,cam_3,2018-01-20 19:42:47,1516470167000.0,1,006d4bda-bb22-11ec-9080-a4bb6de99622
83,640,360,cam_3,2018-01-20 19:22:11,1516468931000.0,1,006d4bdb-bb22-11ec-9080-a4bb6de99622
83,640,360,cam_3,2018-01-20 14:33:36,1516451616000.0,1,006d4bdc-bb22-11ec-9080-a4bb6de99622
83,640,360,cam_3,2018-01-20 16:26:58,1516458418000.0,1,006d4bdd-bb22-11ec-9080-a4bb6de99622
83,640,360,cam_3,2018-01-20 13:33:47,1516448027000.0,1,006d4bde-bb22-11ec-9080-a4bb6de99622
83,640,360,cam_3,2018-01-20 13:45:37,1516448737000.0,1,006d4bdf-bb22-11ec-9080-a4bb6de99622
83,640,360,cam_3,2018-01-20 14:39:47,1516451987000.0,1,006d4be0-bb22-11ec-9080-a4bb6de99622
83,640,360,cam_3,2018-01-20 17:24:15,1516461855000.0,1,006d4be1-bb22-11ec-9080-a4bb6de99622
83,640,360,cam_3,2018-01-20 15:34:27,1516455267000.0,1,006d4be2-bb22-11ec-9080-a4bb6de99622
83,640,360,cam_3,2018-01-20 16:30:21,1516458621000.0,1,006d4be3-bb22-11ec-9080-a4bb6de99622
83,640,360,cam_3,2018-01-20 19:06:59,1516468019000.0,1,006d4be4-bb22-11ec-9080-a4bb6de99622
83,640,360,cam_3,2018-01-20 15:05:38,1516453538000.0,1,006d4be5-bb22-11ec-9080-a4bb6de99622
83,640,360,cam_3,2018-01-20 18:43:42,1516466622000.0,1,006d4be6-bb22-11ec-9080-a4bb6de99622
83,640,360,cam_3,2018-01-20 14:22:14,1516450934000.0,1,006d4be7-bb22-11ec-9080-a4bb6de99622
83,640,360,cam_3,2018-01-20 13:49:36,1516448976000.0,1,006d4be8-bb22-11ec-9080-a4bb6de99622
83,640,360,cam_3,2018-01-20 19:09:07,1516468147000.0,1,006d4be9-bb22-11ec-9080-a4bb6de99622
83,640,360,cam_3,2018-01-20 17:05:11,1516460711000.0,1,006d4bea-bb22-11ec-9080-a4bb6de99622
83,640,360,cam_3,2018-01-20 19:46:11,1516470371000.0,1,006d4beb-bb22-11ec-9080-a4bb6de99622
83,640,360,cam_3,2018-01-20 15:03:02,1516453382000.0,1,006d4bec-bb22-11ec-9080-a4bb6de99622
83,640,360,cam_3,2018-01-20 17:56:23,1516463783000.0,1,006d4bed-bb22-11ec-9080-a4bb6de99622
83,640,360,cam_3,2018-01-20 17:49:16,1516463356000.0,1,006d4bee-bb22-11ec-9080-a4bb6de99622
83,640,360,cam_3,2018-01-20 15:49:07,1516456147000.0,1,006d4bef-bb22-11ec-9080-a4bb6de99622
83,640,360,cam_3,2018-01-20 15:47:49,1516456069000.0,1,006d4bf0-bb22-11ec-9080-a4bb6de99622
83,640,360,cam_3,2018-01-20 13:45:48,1516448748000.0,1,006d4bf1-bb22-11ec-9080-a4bb6de99622
83,640,360,cam_3,2018-01-20 19:19:05,1516468745000.0,1,006d4bf2-bb22-11ec-9080-a4bb6de99622
83,640,360,cam_3,2018-01-20 13:35:43,1516448143000.0,1,006d4bf3-bb22-11ec-9080-a4bb6de99622
83,640,360,cam_3,2018-01-20 18:54:06,1516467246000.0,1,006d4bf4-bb22-11ec-9080-a4bb6de99622
83,640,360,cam_3,2018-01-20 15:56:59,1516456619000.0,1,006d4bf5-bb22-11ec-9080-a4bb6de99622
83,640,360,cam_3,2018-01-20 14:23:25,1516451005000.0,1,006d4bf6-bb22-11ec-9080-a4bb6de99622
83,640,360,cam_3,2018-01-20 19:28:29,1516469309000.0,1,006d4bf7-bb22-11ec-9080-a4bb6de99622
83,640,360,cam_3,2018-01-20 17:50:34,1516463434000.0,1,006d4bf8-bb22-11ec-9080-a4bb6de99622
83,640,360,cam_3,2018-01-20 17:52:55,1516463575000.0,1,006d4bf9-bb22-11ec-9080-a4bb6de99622
83,640,360,cam_3,2018-01-20 17:19:22,1516461562000.0,1,006d4bfa-bb22-11ec-9080-a4bb6de99622
83,640,360,cam_3,2018-01-20 14:39:15,1516451955000.0,1,006d4bfb-bb22-11ec-9080-a4bb6de99622
83,640,360,cam_3,2018-01-20 15:26:04,1516454764000.0,1,006d4bfc-bb22-11ec-9080-a4bb6de99622
83,640,360,cam_3,2018-01-20 14:27:17,1516451237000.0,1,006d4bfd-bb22-11ec-9080-a4bb6de99622
83,640,360,cam_3,2018-01-20 14:04:23,1516449863000.0,1,006d4bfe-bb22-11ec-9080-a4bb6de99622
83,640,360,cam_3,2018-01-20 18:40:34,1516466434000.0,1,006d4bff-bb22-11ec-9080-a4bb6de99622
83,640,360,cam_3,2018-01-20 18:14:21,1516464861000.0,1,006d4c00-bb22-11ec-9080-a4bb6de99622
83,640,360,cam_3,2018-01-20 18:50:49,1516467049000.0,1,006d4c01-bb22-11ec-9080-a4bb6de99622
83,640,360,cam_3,2018-01-20 13:56:57,1516449417000.0,1,006d4c02-bb22-11ec-9080-a4bb6de99622
83,640,360,cam_3,2018-01-20 17:36:59,1516462619000.0,1,006d4c03-bb22-11ec-9080-a4bb6de99622
83,640,360,cam_3,2018-01-20 14:00:30,1516449630000.0,1,006d4c04-bb22-11ec-9080-a4bb6de99622
83,640,360,cam_3,2018-01-20 19:07:18,1516468038000.0,1,006d4c05-bb22-11ec-9080-a4bb6de99622
83,640,360,cam_3,2018-01-20 17:36:28,1516462588000.0,1,006d4c06-bb22-11ec-9080-a4bb6de99622
83,640,360,cam_3,2018-01-20 14:33:11,1516451591000.0,1,006d4c07-bb22-11ec-9080-a4bb6de99622
83,640,360,cam_3,2018-01-20 14:11:33,1516450293000.0,1,006d4c08-bb22-11ec-9080-a4bb6de99622
83,640,360,cam_3,2018-01-20 18:37:27,1516466247000.0,1,006d4c09-bb22-11ec-9080-a4bb6de99622
83,640,360,cam_3,2018-01-20 14:08:38,1516450118000.0,1,006d4c0a-bb22-11ec-9080-a4bb6de99622
83,640,360,cam_3,2018-01-20 15:44:09,1516455849000.0,1,006d4c0b-bb22-11ec-9080-a4bb6de99622
83,640,360,cam_3,2018-01-20 18:04:21,1516464261000.0,1,006d4c0c-bb22-11ec-9080-a4bb6de99622
83,640,360,cam_3,2018-01-20 17:26:26,1516461986000.0,1,006d4c0d-bb22-11ec-9080-a4bb6de99622
83,640,360,cam_3,2018-01-20 16:00:50,1516456850000.0,1,006d4c0e-bb22-11ec-9080-a4bb6de99622
83,640,360,cam_3,2018-01-20 16:38:11,1516459091000.0,1,006d4c0f-bb22-11ec-9080-a4bb6de99622
83,640,360,cam_3,2018-01-20 19:49:51,1516470591000.0,1,006d4c10-bb22-11ec-9080-a4bb6de99622
83,640,360,cam_3,2018-01-20 14:23:33,1516451013000.0,1,006d4c11-bb22-11ec-9080-a4bb6de99622
83,640,360,cam_3,2018-01-20 18:03:39,1516464219000.0,1,006d4c12-bb22-11ec-9080-a4bb6de99622
83,640,360,cam_3,2018-01-20 19:00:12,1516467612000.0,1,006d4c13-bb22-11ec-9080-a4bb6de99622
83,640,360,cam_3,2018-01-20 15:49:20,1516456160000.0,1,006d4c14-bb22-11ec-9080-a4bb6de99622
83,640,360,cam_3,2018-01-20 13:39:46,1516448386000.0,1,006d4c15-bb22-11ec-9080-a4bb6de99622
83,640,360,cam_3,2018-01-20 18:48:32,1516466912000.0,1,006d4c16-bb22-11ec-9080-a4bb6de99622
83,640,360,cam_3,2018-01-20 14:12:28,1516450348000.0,1,006d4c17-bb22-11ec-9080-a4bb6de99622
83,640,360,cam_3,2018-01-20 16:24:48,1516458288000.0,1,006d4c18-bb22-11ec-9080-a4bb6de99622
83,640,360,cam_3,2018-01-20 14:05:41,1516449941000.0,1,006d4c19-bb22-11ec-9080-a4bb6de99622
83,640,360,cam_3,2018-01-20 17:27:38,1516462058000.0,1,006d4c1a-bb22-11ec-9080-a4bb6de99622
83,640,360,cam_3,2018-01-20 17:26:45,1516462005000.0,1,006d4c1b-bb22-11ec-9080-a4bb6de99622
83,640,360,cam_3,2018-01-20 14:13:42,1516450422000.0,1,006d4c1c-bb22-11ec-9080-a4bb6de99622
83,640,360,cam_3,2018-01-20 14:58:17,1516453097000.0,1,006d4c1d-bb22-11ec-9080-a4bb6de99622
83,640,360,cam_3,2018-01-20 14:01:21,1516449681000.0,1,006d4c1e-bb22-11ec-9080-a4bb6de99622
83,640,360,cam_3,2018-01-20 19:47:19,1516470439000.0,1,006d4c1f-bb22-11ec-9080-a4bb6de99622
83,640,360,cam_3,2018-01-20 19:19:12,1516468752000.0,1,006d4c20-bb22-11ec-9080-a4bb6de99622
83,640,360,cam_3,2018-01-20 17:24:19,1516461859000.0,1,006d4c21-bb22-11ec-9080-a4bb6de99622
83,640,360,cam_3,2018-01-20 18:49:15,1516466955000.0,1,006d4c22-bb22-11ec-9080-a4bb6de99622
83,640,360,cam_3,2018-01-20 15:39:25,1516455565000.0,1,006d4c23-bb22-11ec-9080-a4bb6de99622
83,640,360,cam_3,2018-01-20 18:24:20,1516465460000.0,1,006d4c24-bb22-11ec-9080-a4bb6de99622
83,640,360,cam_3,2018-01-20 19:08:54,1516468134000.0,1,006d4c25-bb22-11ec-9080-a4bb6de99622
83,640,360,cam_3,2018-01-20 16:42:27,1516459347000.0,1,006d4c26-bb22-11ec-9080-a4bb6de99622
83,640,360,cam_3,2018-01-20 18:26:37,1516465597000.0,1,006d4c27-bb22-11ec-9080-a4bb6de99622
83,640,360,cam_3,2018-01-20 15:09:55,1516453795000.0,1,006d4c28-bb22-11ec-9080-a4bb6de99622
83,640,360,cam_3,2018-01-20 19:05:56,1516467956000.0,1,006d4c29-bb22-11ec-9080-a4bb6de99622
83,640,360,cam_3,2018-01-20 15:46:04,1516455964000.0,1,006d4c2a-bb22-11ec-9080-a4bb6de99622
83,640,360,cam_3,2018-01-20 13:45:24,1516448724000.0,1,006d4c2b-bb22-11ec-9080-a4bb6de99622
83,640,360,cam_3,2018-01-20 18:05:47,1516464347000.0,1,006d4c2c-bb22-11ec-9080-a4bb6de99622
83,640,360,cam_3,2018-01-20 15:22:38,1516454558000.0,1,006d4c2d-bb22-11ec-9080-a4bb6de99622
83,640,360,cam_3,2018-01-20 18:13:29,1516464809000.0,1,006d4c2e-bb22-11ec-9080-a4bb6de99622
83,640,360,cam_3,2018-01-20 17:16:57,1516461417000.0,1,006d4c2f-bb22-11ec-9080-a4bb6de99622
83,640,360,cam_3,2018-01-20 14:58:24,1516453104000.0,1,006d4c30-bb22-11ec-9080-a4bb6de99622
83,640,360,cam_3,2018-01-20 19:39:06,1516469946000.0,1,006d4c31-bb22-11ec-9080-a4bb6de99622
83,640,360,cam_3,2018-01-20 19:14:51,1516468491000.0,1,006d4c32-bb22-11ec-9080-a4bb6de99622
83,640,360,cam_3,2018-01-20 17:29:47,1516462187000.0,1,006d4c33-bb22-11ec-9080-a4bb6de99622
83,640,360,cam_3,2018-01-20 14:50:03,1516452603000.0,1,006d4c34-bb22-11ec-9080-a4bb6de99622
83,640,360,cam_3,2018-01-20 15:40:38,1516455638000.0,1,006d4c35-bb22-11ec-9080-a4bb6de99622
83,640,360,cam_3,2018-01-20 18:06:43,1516464403000.0,1,006d4c36-bb22-11ec-9080-a4bb6de99622
83,640,360,cam_3,2018-01-20 15:58:01,1516456681000.0,1,006d4c37-bb22-11ec-9080-a4bb6de99622
83,640,360,cam_3,2018-01-20 13:57:27,1516449447000.0,1,006d4c38-bb22-11ec-9080-a4bb6de99622
83,640,360,cam_3,2018-01-20 14:04:58,1516449898000.0,1,006d4c39-bb22-11ec-9080-a4bb6de99622
83,640,360,cam_3,2018-01-20 15:32:53,1516455173000.0,1,006d4c3a-bb22-11ec-9080-a4bb6de99622
83,640,360,cam_3,2018-01-20 16:49:47,1516459787000.0,1,006d4c3b-bb22-11ec-9080-a4bb6de99622
83,640,360,cam_3,2018-01-20 13:30:20,1516447820000.0,1,006d4c3c-bb22-11ec-9080-a4bb6de99622
83,640,360,cam_3,2018-01-20 16:37:02,1516459022000.0,1,006d4c3d-bb22-11ec-9080-a4bb6de99622
83,640,360,cam_3,2018-01-20 15:32:49,1516455169000.0,1,006d4c3e-bb22-11ec-9080-a4bb6de99622
83,640,360,cam_3,2018-01-20 18:52:52,1516467172000.0,1,006d4c3f-bb22-11ec-9080-a4bb6de99622
83,640,360,cam_3,2018-01-20 19:33:09,1516469589000.0,1,006d4c40-bb22-11ec-9080-a4bb6de99622
83,640,360,cam_3,2018-01-20 17:00:30,1516460430000.0,1,006d4c41-bb22-11ec-9080-a4bb6de99622
83,640,360,cam_3,2018-01-20 18:53:27,1516467207000.0,1,006d4c42-bb22-11ec-9080-a4bb6de99622
83,640,360,cam_3,2018-01-20 16:01:53,1516456913000.0,1,006d4c43-bb22-11ec-9080-a4bb6de99622
83,640,360,cam_3,2018-01-20 14:47:47,1516452467000.0,1,006d4c44-bb22-11ec-9080-a4bb6de99622
83,640,360,cam_3,2018-01-20 18:58:47,1516467527000.0,1,006d4c45-bb22-11ec-9080-a4bb6de99622
83,640,360,cam_3,2018-01-20 18:06:13,1516464373000.0,1,006d4c46-bb22-11ec-9080-a4bb6de99622
83,640,360,cam_3,2018-01-20 15:18:36,1516454316000.0,1,006d4c47-bb22-11ec-9080-a4bb6de99622
83,640,360,cam_3,2018-01-20 19:10:07,1516468207000.0,1,006d4c48-bb22-11ec-9080-a4bb6de99622
83,640,360,cam_3,2018-01-20 14:45:49,1516452349000.0,1,006d4c49-bb22-11ec-9080-a4bb6de99622
83,640,360,cam_3,2018-01-20 14:46:52,1516452412000.0,1,006d4c4a-bb22-11ec-9080-a4bb6de99622
83,640,360,cam_3,2018-01-20 15:21:05,1516454465000.0,1,006d4c4b-bb22-11ec-9080-a4bb6de99622
83,640,360,cam_3,2018-01-20 15:47:33,1516456053000.0,1,006d4c4c-bb22-11ec-9080-a4bb6de99622
83,640,360,cam_3,2018-01-20 17:29:38,1516462178000.0,1,006d4c4d-bb22-11ec-9080-a4bb6de99622
83,640,360,cam_3,2018-01-20 15:15:59,1516454159000.0,1,006d4c4e-bb22-11ec-9080-a4bb6de99622
83,640,360,cam_3,2018-01-20 18:50:47,1516467047000.0,1,006d4c4f-bb22-11ec-9080-a4bb6de99622
83,640,360,cam_3,2018-01-20 17:32:58,1516462378000.0,1,006d4c50-bb22-11ec-9080-a4bb6de99622
83,640,360,cam_3,2018-01-20 18:11:03,1516464663000.0,1,006d4c51-bb22-11ec-9080-a4bb6de99622
83,640,360,cam_3,2018-01-20 17:17:21,1516461441000.0,1,006d4c52-bb22-11ec-9080-a4bb6de99622
83,640,360,cam_3,2018-01-20 13:45:03,1516448703000.0,1,006d4c53-bb22-11ec-9080-a4bb6de99622
83,640,360,cam_3,2018-01-20 15:04:49,1516453489000.0,1,006d4c54-bb22-11ec-9080-a4bb6de99622
83,640,360,cam_3,2018-01-20 16:58:38,1516460318000.0,1,006d4c55-bb22-11ec-9080-a4bb6de99622
83,640,360,cam_3,2018-01-20 18:03:35,1516464215000.0,1,006d4c56-bb22-11ec-9080-a4bb6de99622
83,640,360,cam_3,2018-01-20 15:12:37,1516453957000.0,1,006d4c57-bb22-11ec-9080-a4bb6de99622
83,640,360,cam_3,2018-01-20 14:36:26,1516451786000.0,1,006d4c58-bb22-11ec-9080-a4bb6de99622
83,640,360,cam_3,2018-01-20 17:22:44,1516461764000.0,1,006d4c59-bb22-11ec-9080-a4bb6de99622
83,640,360,cam_3,2018-01-20 18:09:15,1516464555000.0,1,006d4c5a-bb22-11ec-9080-a4bb6de99622
83,640,360,cam_3,2018-01-20 13:31:18,1516447878000.0,1,006d4c5b-bb22-11ec-9080-a4bb6de99622
83,640,360,cam_3,2018-01-20 14:07:49,1516450069000.0,1,006d4c5c-bb22-11ec-9080-a4bb6de99622
83,640,360,cam_3,2018-01-20 16:22:52,1516458172000.0,1,006d4c5d-bb22-11ec-9080-a4bb6de99622
83,640,360,cam_3,2018-01-20 16:46:54,1516459614000.0,1,006d4c5e-bb22-11ec-9080-a4bb6de99622
83,640,360,cam_3,2018-01-20 17:26:32,1516461992000.0,1,006d4c5f-bb22-11ec-9080-a4bb6de99622
83,640,360,cam_3,2018-01-20 16:14:29,1516457669000.0,1,006d4c60-bb22-11ec-9080-a4bb6de99622
83,640,360,cam_3,2018-01-20 18:46:21,1516466781000.0,1,006d4c61-bb22-11ec-9080-a4bb6de99622
83,640,360,cam_3,2018-01-20 15:11:41,1516453901000.0,1,006d4c62-bb22-11ec-9080-a4bb6de99622
83,640,360,cam_3,2018-01-20 14:46:20,1516452380000.0,1,006d4c63-bb22-11ec-9080-a4bb6de99622
83,640,360,cam_3,2018-01-20 17:18:09,1516461489000.0,1,006d4c64-bb22-11ec-9080-a4bb6de99622
83,640,360,cam_3,2018-01-20 15:43:08,1516455788000.0,1,006d4c65-bb22-11ec-9080-a4bb6de99622
83,640,360,cam_3,2018-01-20 18:00:31,1516464031000.0,1,006d4c66-bb22-11ec-9080-a4bb6de99622
83,640,360,cam_3,2018-01-20 17:00:34,1516460434000.0,1,006d4c67-bb22-11ec-9080-a4bb6de99622
83,640,360,cam_3,2018-01-20 13:35:26,1516448126000.0,1,006d4c68-bb22-11ec-9080-a4bb6de99622
83,640,360,cam_3,2018-01-20 17:02:22,1516460542000.0,1,006d4c69-bb22-11ec-9080-a4bb6de99622
83,640,360,cam_3,2018-01-20 15:19:05,1516454345000.0,1,006d4c6a-bb22-11ec-9080-a4bb6de99622
83,640,360,cam_3,2018-01-20 18:27:27,1516465647000.0,1,006d4c6b-bb22-11ec-9080-a4bb6de99622
83,640,360,cam_3,2018-01-20 14:27:49,1516451269000.0,1,006d4c6c-bb22-11ec-9080-a4bb6de99622
83,640,360,cam_3,2018-01-20 18:08:42,1516464522000.0,1,006d4c6d-bb22-11ec-9080-a4bb6de99622
83,640,360,cam_3,2018-01-20 14:32:30,1516451550000.0,1,006d4c6e-bb22-11ec-9080-a4bb6de99622
83,640,360,cam_3,2018-01-20 15:58:57,1516456737000.0,1,006d4c6f-bb22-11ec-9080-a4bb6de99622
83,640,360,cam_3,2018-01-20 14:41:57,1516452117000.0,1,006d4c70-bb22-11ec-9080-a4bb6de99622
83,640,360,cam_3,2018-01-20 16:19:33,1516457973000.0,1,006d4c71-bb22-11ec-9080-a4bb6de99622
83,640,360,cam_3,2018-01-20 16:40:47,1516459247000.0,1,006d4c72-bb22-11ec-9080-a4bb6de99622
83,640,360,cam_3,2018-01-20 16:49:59,1516459799000.0,1,006d4c73-bb22-11ec-9080-a4bb6de99622
83,640,360,cam_3,2018-01-20 16:25:47,1516458347000.0,1,006d4c74-bb22-11ec-9080-a4bb6de99622
83,640,360,cam_3,2018-01-20 18:55:26,1516467326000.0,1,006d4c75-bb22-11ec-9080-a4bb6de99622
83,640,360,cam_3,2018-01-20 14:05:33,1516449933000.0,1,006d4c76-bb22-11ec-9080-a4bb6de99622
83,640,360,cam_3,2018-01-20 18:51:27,1516467087000.0,1,006d4c77-bb22-11ec-9080-a4bb6de99622
83,640,360,cam_3,2018-01-20 16:09:35,1516457375000.0,1,006d4c78-bb22-11ec-9080-a4bb6de99622
83,640,360,cam_3,2018-01-20 17:49:03,1516463343000.0,1,006d4c79-bb22-11ec-9080-a4bb6de99622
83,640,360,cam_3,2018-01-20 13:48:05,1516448885000.0,1,006d4c7a-bb22-11ec-9080-a4bb6de99622
83,640,360,cam_3,2018-01-20 14:40:47,1516452047000.0,1,006d4c7b-bb22-11ec-9080-a4bb6de99622
83,640,360,cam_3,2018-01-20 18:48:35,1516466915000.0,1,006d4c7c-bb22-11ec-9080-a4bb6de99622
83,640,360,cam_3,2018-01-20 17:27:10,1516462030000.0,1,006d4c7d-bb22-11ec-9080-a4bb6de99622
83,640,360,cam_3,2018-01-20 15:25:52,1516454752000.0,1,006d4c7e-bb22-11ec-9080-a4bb6de99622
83,640,360,cam_3,2018-01-20 19:33:07,1516469587000.0,1,006d4c7f-bb22-11ec-9080-a4bb6de99622
83,640,360,cam_3,2018-01-20 14:51:42,1516452702000.0,1,006d4c80-bb22-11ec-9080-a4bb6de99622
83,640,360,cam_3,2018-01-20 17:42:40,1516462960000.0,1,006d4c81-bb22-11ec-9080-a4bb6de99622
83,640,360,cam_3,2018-01-20 16:17:20,1516457840000.0,1,006d4c82-bb22-11ec-9080-a4bb6de99622
83,640,360,cam_3,2018-01-20 15:41:26,1516455686000.0,1,006d4c83-bb22-11ec-9080-a4bb6de99622
83,640,360,cam_3,2018-01-20 16:06:52,1516457212000.0,1,006d4c84-bb22-11ec-9080-a4bb6de99622
83,640,360,cam_3,2018-01-20 17:35:07,1516462507000.0,1,006d4c85-bb22-11ec-9080-a4bb6de99622
83,640,360,cam_3,2018-01-20 15:38:56,1516455536000.0,1,006d4c86-bb22-11ec-9080-a4bb6de99622
83,640,360,cam_3,2018-01-20 17:02:19,1516460539000.0,1,006d4c87-bb22-11ec-9080-a4bb6de99622
83,640,360,cam_3,2018-01-20 17:52:37,1516463557000.0,1,006d4c88-bb22-11ec-9080-a4bb6de99622
83,640,360,cam_3,2018-01-20 13:35:13,1516448113000.0,1,006d4c89-bb22-11ec-9080-a4bb6de99622
83,640,360,cam_3,2018-01-20 15:35:01,1516455301000.0,1,006d4c8a-bb22-11ec-9080-a4bb6de99622
83,640,360,cam_3,2018-01-20 15:16:04,1516454164000.0,1,006d4c8b-bb22-11ec-9080-a4bb6de99622
83,640,360,cam_3,2018-01-20 13:40:45,1516448445000.0,1,006d4c8c-bb22-11ec-9080-a4bb6de99622
83,640,360,cam_3,2018-01-20 18:28:14,1516465694000.0,1,006d4c8d-bb22-11ec-9080-a4bb6de99622
83,640,360,cam_3,2018-01-20 18:13:15,1516464795000.0,1,006d4c8e-bb22-11ec-9080-a4bb6de99622
83,640,360,cam_3,2018-01-20 18:29:19,1516465759000.0,1,006d4c8f-bb22-11ec-9080-a4bb6de99622
83,640,360,cam_3,2018-01-20 17:22:05,1516461725000.0,1,006d4c90-bb22-11ec-9080-a4bb6de99622
83,640,360,cam_3,2018-01-20 18:29:41,1516465781000.0,1,006d4c91-bb22-11ec-9080-a4bb6de99622
83,640,360,cam_3,2018-01-20 17:59:42,1516463982000.0,1,006d4c92-bb22-11ec-9080-a4bb6de99622
83,640,360,cam_3,2018-01-20 14:14:38,1516450478000.0,1,006d4c93-bb22-11ec-9080-a4bb6de99622
83,640,360,cam_3,2018-01-20 16:39:29,1516459169000.0,1,006d4c94-bb22-11ec-9080-a4bb6de99622
83,640,360,cam_3,2018-01-20 17:48:43,1516463323000.0,1,006d4c95-bb22-11ec-9080-a4bb6de99622
83,640,360,cam_3,2018-01-20 15:27:05,1516454825000.0,1,006d4c96-bb22-11ec-9080-a4bb6de99622
83,640,360,cam_3,2018-01-20 19:47:43,1516470463000.0,1,006d4c97-bb22-11ec-9080-a4bb6de99622
83,640,360,cam_3,2018-01-20 15:43:15,1516455795000.0,1,006d4c98-bb22-11ec-9080-a4bb6de99622
83,640,360,cam_3,2018-01-20 19:18:58,1516468738000.0,1,006d4c99-bb22-11ec-9080-a4bb6de99622
83,640,360,cam_3,2018-01-20 17:03:25,1516460605000.0,1,006d4c9a-bb22-11ec-9080-a4bb6de99622
83,640,360,cam_3,2018-01-20 14:11:28,1516450288000.0,1,006d4c9b-bb22-11ec-9080-a4bb6de99622
83,640,360,cam_3,2018-01-20 15:45:19,1516455919000.0,1,006d4c9c-bb22-11ec-9080-a4bb6de99622
83,640,360,cam_3,2018-01-20 18:03:51,1516464231000.0,1,006d4c9d-bb22-11ec-9080-a4bb6de99622
83,640,360,cam_3,2018-01-20 18:51:01,1516467061000.0,1,006d4c9e-bb22-11ec-9080-a4bb6de99622
83,640,360,cam_3,2018-01-20 18:36:29,1516466189000.0,1,006d4c9f-bb22-11ec-9080-a4bb6de99622
83,640,360,cam_3,2018-01-20 17:15:07,1516461307000.0,1,006d4ca0-bb22-11ec-9080-a4bb6de99622
83,640,360,cam_3,2018-01-20 14:59:13,1516453153000.0,1,006d4ca1-bb22-11ec-9080-a4bb6de99622
83,640,360,cam_3,2018-01-20 17:21:17,1516461677000.0,1,006d4ca2-bb22-11ec-9080-a4bb6de99622
83,640,360,cam_3,2018-01-20 14:19:08,1516450748000.0,1,006d4ca3-bb22-11ec-9080-a4bb6de99622
83,640,360,cam_3,2018-01-20 19:41:41,1516470101000.0,1,006d4ca4-bb22-11ec-9080-a4bb6de99622
83,640,360,cam_3,2018-01-20 19:21:59,1516468919000.0,1,006d4ca5-bb22-11ec-9080-a4bb6de99622
83,640,360,cam_3,2018-01-20 16:21:52,1516458112000.0,1,006d4ca6-bb22-11ec-9080-a4bb6de99622
83,640,360,cam_3,2018-01-20 17:27:50,1516462070000.0,1,006d4ca7-bb22-11ec-9080-a4bb6de99622
83,640,360,cam_3,2018-01-20 17:27:46,1516462066000.0,1,006d4ca8-bb22-11ec-9080-a4bb6de99622
83,640,360,cam_3,2018-01-20 18:32:26,1516465946000.0,1,006d4ca9-bb22-11ec-9080-a4bb6de99622
83,640,360,cam_3,2018-01-20 16:15:46,1516457746000.0,1,006d4caa-bb22-11ec-9080-a4bb6de99622
83,640,360,cam_3,2018-01-20 17:39:39,1516462779000.0,1,006d4cab-bb22-11ec-9080-a4bb6de99622
83,640,360,cam_3,2018-01-20 14:17:46,1516450666000.0,1,006d4cac-bb22-11ec-9080-a4bb6de99622
83,640,360,cam_3,2018-01-20 14:20:29,1516450829000.0,1,006d4cad-bb22-11ec-9080-a4bb6de99622
83,640,360,cam_3,2018-01-20 15:53:29,1516456409000.0,1,006d4cae-bb22-11ec-9080-a4bb6de99622
83,640,360,cam_3,2018-01-20 17:10:48,1516461048000.0,1,006d4caf-bb22-11ec-9080-a4bb6de99622
83,640,360,cam_3,2018-01-20 15:50:31,1516456231000.0,1,006d4cb0-bb22-11ec-9080-a4bb6de99622
83,640,360,cam_3,2018-01-20 17:08:00,1516460880000.0,1,006d4cb1-bb22-11ec-9080-a4bb6de99622
83,640,360,cam_3,2018-01-20 14:43:40,1516452220000.0,1,006d4cb2-bb22-11ec-9080-a4bb6de99622
83,640,360,cam_3,2018-01-20 13:51:39,1516449099000.0,1,006d4cb3-bb22-11ec-9080-a4bb6de99622
83,640,360,cam_3,2018-01-20 14:20:46,1516450846000.0,1,006d4cb4-bb22-11ec-9080-a4bb6de99622
83,640,360,cam_3,2018-01-20 18:39:04,1516466344000.0,1,006d4cb5-bb22-11ec-9080-a4bb6de99622
83,640,360,cam_3,2018-01-20 19:10:43,1516468243000.0,1,006d4cb6-bb22-11ec-9080-a4bb6de99622
83,640,360,cam_3,2018-01-20 13:57:06,1516449426000.0,1,006d4cb7-bb22-11ec-9080-a4bb6de99622
83,640,360,cam_3,2018-01-20 14:34:22,1516451662000.0,1,006d4cb8-bb22-11ec-9080-a4bb6de99622
83,640,360,cam_3,2018-01-20 18:32:59,1516465979000.0,1,006d4cb9-bb22-11ec-9080-a4bb6de99622
83,640,360,cam_3,2018-01-20 17:08:08,1516460888000.0,1,006d4cba-bb22-11ec-9080-a4bb6de99622
83,640,360,cam_3,2018-01-20 16:41:38,1516459298000.0,1,006d4cbb-bb22-11ec-9080-a4bb6de99622
83,640,360,cam_3,2018-01-20 14:32:12,1516451532000.0,1,006d4cbc-bb22-11ec-9080-a4bb6de99622
83,640,360,cam_3,2018-01-20 14:58:22,1516453102000.0,1,006d4cbd-bb22-11ec-9080-a4bb6de99622
83,640,360,cam_3,2018-01-20 13:38:22,1516448302000.0,1,006d4cbe-bb22-11ec-9080-a4bb6de99622
83,640,360,cam_3,2018-01-20 17:27:16,1516462036000.0,1,006d4cbf-bb22-11ec-9080-a4bb6de99622
83,640,360,cam_3,2018-01-20 14:07:46,1516450066000.0,1,006d4cc0-bb22-11ec-9080-a4bb6de99622
83,640,360,cam_3,2018-01-20 16:01:01,1516456861000.0,1,006d4cc1-bb22-11ec-9080-a4bb6de99622
83,640,360,cam_3,2018-01-20 15:25:52,1516454752000.0,1,006d4cc2-bb22-11ec-9080-a4bb6de99622
83,640,360,cam_3,2018-01-20 15:46:39,1516455999000.0,1,006d4cc3-bb22-11ec-9080-a4bb6de99622
83,640,360,cam_3,2018-01-20 18:40:28,1516466428000.0,1,006d4cc4-bb22-11ec-9080-a4bb6de99622
83,640,360,cam_3,2018-01-20 17:19:02,1516461542000.0,1,006d4cc5-bb22-11ec-9080-a4bb6de99622
83,640,360,cam_3,2018-01-20 19:27:09,1516469229000.0,1,006d4cc6-bb22-11ec-9080-a4bb6de99622
83,640,360,cam_3,2018-01-20 13:52:01,1516449121000.0,1,006d4cc7-bb22-11ec-9080-a4bb6de99622
83,640,360,cam_3,2018-01-20 14:01:49,1516449709000.0,1,006d4cc8-bb22-11ec-9080-a4bb6de99622
83,640,360,cam_3,2018-01-20 14:40:24,1516452024000.0,1,006d4cc9-bb22-11ec-9080-a4bb6de99622
83,640,360,cam_3,2018-01-20 16:19:49,1516457989000.0,1,006d4cca-bb22-11ec-9080-a4bb6de99622
83,640,360,cam_3,2018-01-20 17:51:37,1516463497000.0,1,006d4ccb-bb22-11ec-9080-a4bb6de99622
83,640,360,cam_3,2018-01-20 16:05:59,1516457159000.0,1,006d4ccc-bb22-11ec-9080-a4bb6de99622
83,640,360,cam_3,2018-01-20 13:57:40,1516449460000.0,1,006d4ccd-bb22-11ec-9080-a4bb6de99622
83,640,360,cam_3,2018-01-20 14:48:42,1516452522000.0,1,006d4cce-bb22-11ec-9080-a4bb6de99622
83,640,360,cam_3,2018-01-20 14:27:04,1516451224000.0,1,006d4ccf-bb22-11ec-9080-a4bb6de99622
83,640,360,cam_3,2018-01-20 16:55:54,1516460154000.0,1,006d4cd0-bb22-11ec-9080-a4bb6de99622
83,640,360,cam_3,2018-01-20 18:05:59,1516464359000.0,1,006d4cd1-bb22-11ec-9080-a4bb6de99622
83,640,360,cam_3,2018-01-20 15:25:16,1516454716000.0,1,006d4cd2-bb22-11ec-9080-a4bb6de99622
83,640,360,cam_3,2018-01-20 17:25:29,1516461929000.0,1,006d4cd3-bb22-11ec-9080-a4bb6de99622
83,640,360,cam_3,2018-01-20 18:42:32,1516466552000.0,1,006d4cd4-bb22-11ec-9080-a4bb6de99622
83,640,360,cam_3,2018-01-20 18:50:55,1516467055000.0,1,006d4cd5-bb22-11ec-9080-a4bb6de99622
83,640,360,cam_3,2018-01-20 16:47:58,1516459678000.0,1,006d4cd6-bb22-11ec-9080-a4bb6de99622
83,640,360,cam_3,2018-01-20 19:50:17,1516470617000.0,1,006d4cd7-bb22-11ec-9080-a4bb6de99622
83,640,360,cam_3,2018-01-20 15:06:11,1516453571000.0,1,006d4cd8-bb22-11ec-9080-a4bb6de99622
83,640,360,cam_3,2018-01-20 19:02:02,1516467722000.0,1,006d4cd9-bb22-11ec-9080-a4bb6de99622
83,640,360,cam_3,2018-01-20 16:16:22,1516457782000.0,1,006d4cda-bb22-11ec-9080-a4bb6de99622
83,640,360,cam_3,2018-01-20 16:05:08,1516457108000.0,1,006d4cdb-bb22-11ec-9080-a4bb6de99622
83,640,360,cam_3,2018-01-20 16:38:06,1516459086000.0,1,006d4cdc-bb22-11ec-9080-a4bb6de99622
83,640,360,cam_3,2018-01-20 14:11:08,1516450268000.0,1,006d4cdd-bb22-11ec-9080-a4bb6de99622
83,640,360,cam_3,2018-01-20 16:30:39,1516458639000.0,1,006d4cde-bb22-11ec-9080-a4bb6de99622
83,640,360,cam_3,2018-01-20 18:18:00,1516465080000.0,1,006d4cdf-bb22-11ec-9080-a4bb6de99622
83,640,360,cam_3,2018-01-20 17:51:14,1516463474000.0,1,006d4ce0-bb22-11ec-9080-a4bb6de99622
83,640,360,cam_3,2018-01-20 18:45:07,1516466707000.0,1,006d4ce1-bb22-11ec-9080-a4bb6de99622
83,640,360,cam_3,2018-01-20 15:22:21,1516454541000.0,1,006d4ce2-bb22-11ec-9080-a4bb6de99622
83,640,360,cam_3,2018-01-20 18:17:03,1516465023000.0,1,006d4ce3-bb22-11ec-9080-a4bb6de99622
83,640,360,cam_3,2018-01-20 18:32:10,1516465930000.0,1,006d4ce4-bb22-11ec-9080-a4bb6de99622
83,640,360,cam_3,2018-01-20 18:27:49,1516465669000.0,1,006d4ce5-bb22-11ec-9080-a4bb6de99622
83,640,360,cam_3,2018-01-20 17:00:06,1516460406000.0,1,006d4ce6-bb22-11ec-9080-a4bb6de99622
83,640,360,cam_3,2018-01-20 19:31:32,1516469492000.0,1,006d4ce7-bb22-11ec-9080-a4bb6de99622
83,640,360,cam_3,2018-01-20 18:10:41,1516464641000.0,1,006d4ce8-bb22-11ec-9080-a4bb6de99622
83,640,360,cam_3,2018-01-20 18:00:24,1516464024000.0,1,006d4ce9-bb22-11ec-9080-a4bb6de99622
83,640,360,cam_3,2018-01-20 15:42:23,1516455743000.0,1,006d4cea-bb22-11ec-9080-a4bb6de99622
83,640,360,cam_3,2018-01-20 18:39:08,1516466348000.0,1,006d4ceb-bb22-11ec-9080-a4bb6de99622
83,640,360,cam_3,2018-01-20 14:33:42,1516451622000.0,1,006d4cec-bb22-11ec-9080-a4bb6de99622
83,640,360,cam_3,2018-01-20 15:32:56,1516455176000.0,1,006d4ced-bb22-11ec-9080-a4bb6de99622
83,640,360,cam_3,2018-01-20 14:26:33,1516451193000.0,1,006d4cee-bb22-11ec-9080-a4bb6de99622
83,640,360,cam_3,2018-01-20 15:19:46,1516454386000.0,1,006d4cef-bb22-11ec-9080-a4bb6de99622
83,640,360,cam_3,2018-01-20 19:50:31,1516470631000.0,1,006d4cf0-bb22-11ec-9080-a4bb6de99622
83,640,360,cam_3,2018-01-20 18:11:47,1516464707000.0,1,006d4cf1-bb22-11ec-9080-a4bb6de99622
83,640,360,cam_3,2018-01-20 13:32:38,1516447958000.0,1,006d4cf2-bb22-11ec-9080-a4bb6de99622
83,640,360,cam_3,2018-01-20 16:12:30,1516457550000.0,1,006d4cf3-bb22-11ec-9080-a4bb6de99622
83,640,360,cam_3,2018-01-20 14:21:56,1516450916000.0,1,006d4cf4-bb22-11ec-9080-a4bb6de99622
83,640,360,cam_3,2018-01-20 17:46:43,1516463203000.0,1,006d4cf5-bb22-11ec-9080-a4bb6de99622
83,640,360,cam_3,2018-01-20 18:25:32,1516465532000.0,1,006d4cf6-bb22-11ec-9080-a4bb6de99622
83,640,360,cam_3,2018-01-20 15:31:50,1516455110000.0,1,006d4cf7-bb22-11ec-9080-a4bb6de99622
83,640,360,cam_3,2018-01-20 18:36:36,1516466196000.0,1,006d4cf8-bb22-11ec-9080-a4bb6de99622
83,640,360,cam_3,2018-01-20 14:00:22,1516449622000.0,1,006d4cf9-bb22-11ec-9080-a4bb6de99622
83,640,360,cam_3,2018-01-20 17:54:02,1516463642000.0,1,006d4cfa-bb22-11ec-9080-a4bb6de99622
83,640,360,cam_3,2018-01-20 14:32:16,1516451536000.0,1,006d4cfb-bb22-11ec-9080-a4bb6de99622
83,640,360,cam_3,2018-01-20 19:12:26,1516468346000.0,1,006d4cfc-bb22-11ec-9080-a4bb6de99622
83,640,360,cam_3,2018-01-20 18:50:56,1516467056000.0,1,006d4cfd-bb22-11ec-9080-a4bb6de99622
83,640,360,cam_3,2018-01-20 15:29:50,1516454990000.0,1,006d4cfe-bb22-11ec-9080-a4bb6de99622
83,640,360,cam_3,2018-01-20 16:08:36,1516457316000.0,1,006d4cff-bb22-11ec-9080-a4bb6de99622
83,640,360,cam_3,2018-01-20 16:50:26,1516459826000.0,1,006d4d00-bb22-11ec-9080-a4bb6de99622
83,640,360,cam_3,2018-01-20 19:49:57,1516470597000.0,1,006d4d01-bb22-11ec-9080-a4bb6de99622
83,640,360,cam_3,2018-01-20 14:03:49,1516449829000.0,1,006d4d02-bb22-11ec-9080-a4bb6de99622
83,640,360,cam_3,2018-01-20 19:23:39,1516469019000.0,1,006d4d03-bb22-11ec-9080-a4bb6de99622
83,640,360,cam_3,2018-01-20 13:45:18,1516448718000.0,1,006d4d04-bb22-11ec-9080-a4bb6de99622
83,640,360,cam_3,2018-01-20 13:47:32,1516448852000.0,1,006d4d05-bb22-11ec-9080-a4bb6de99622
83,640,360,cam_3,2018-01-20 19:28:51,1516469331000.0,1,006d4d06-bb22-11ec-9080-a4bb6de99622
83,640,360,cam_3,2018-01-20 18:48:29,1516466909000.0,1,006d4d07-bb22-11ec-9080-a4bb6de99622
83,640,360,cam_3,2018-01-20 19:09:38,1516468178000.0,1,006d4d08-bb22-11ec-9080-a4bb6de99622
83,640,360,cam_3,2018-01-20 14:08:27,1516450107000.0,1,006d4d09-bb22-11ec-9080-a4bb6de99622
83,640,360,cam_3,2018-01-20 13:38:06,1516448286000.0,1,006d4d0a-bb22-11ec-9080-a4bb6de99622
83,640,360,cam_3,2018-01-20 18:49:09,1516466949000.0,1,006d4d0b-bb22-11ec-9080-a4bb6de99622
83,640,360,cam_3,2018-01-20 17:35:53,1516462553000.0,1,006d4d0c-bb22-11ec-9080-a4bb6de99622
83,640,360,cam_3,2018-01-20 18:57:27,1516467447000.0,1,006d4d0d-bb22-11ec-9080-a4bb6de99622
83,640,360,cam_3,2018-01-20 17:00:47,1516460447000.0,1,006d4d0e-bb22-11ec-9080-a4bb6de99622
83,640,360,cam_3,2018-01-20 18:36:21,1516466181000.0,1,006d4d0f-bb22-11ec-9080-a4bb6de99622
83,640,360,cam_3,2018-01-20 18:28:21,1516465701000.0,1,006d4d10-bb22-11ec-9080-a4bb6de99622
83,640,360,cam_3,2018-01-20 16:30:48,1516458648000.0,1,006d4d11-bb22-11ec-9080-a4bb6de99622
83,640,360,cam_3,2018-01-20 16:53:52,1516460032000.0,1,006d4d12-bb22-11ec-9080-a4bb6de99622
83,640,360,cam_3,2018-01-20 15:44:48,1516455888000.0,1,006d4d13-bb22-11ec-9080-a4bb6de99622
83,640,360,cam_3,2018-01-20 16:40:11,1516459211000.0,1,006d4d14-bb22-11ec-9080-a4bb6de99622
83,640,360,cam_3,2018-01-20 19:04:18,1516467858000.0,1,006d4d15-bb22-11ec-9080-a4bb6de99622
83,640,360,cam_3,2018-01-20 14:20:30,1516450830000.0,1,006d4d16-bb22-11ec-9080-a4bb6de99622
83,640,360,cam_3,2018-01-20 18:39:04,1516466344000.0,1,006d4d17-bb22-11ec-9080-a4bb6de99622
83,640,360,cam_3,2018-01-20 14:54:12,1516452852000.0,1,006d4d18-bb22-11ec-9080-a4bb6de99622
83,640,360,cam_3,2018-01-20 14:56:39,1516452999000.0,1,006d4d19-bb22-11ec-9080-a4bb6de99622
83,640,360,cam_3,2018-01-20 18:33:20,1516466000000.0,1,006d4d1a-bb22-11ec-9080-a4bb6de99622
83,640,360,cam_3,2018-01-20 14:35:05,1516451705000.0,1,006d4d1b-bb22-11ec-9080-a4bb6de99622
83,640,360,cam_3,2018-01-20 16:39:06,1516459146000.0,1,006d4d1c-bb22-11ec-9080-a4bb6de99622
83,640,360,cam_3,2018-01-20 16:53:52,1516460032000.0,1,006d4d1d-bb22-11ec-9080-a4bb6de99622
83,640,360,cam_3,2018-01-20 18:02:06,1516464126000.0,1,006d4d1e-bb22-11ec-9080-a4bb6de99622
83,640,360,cam_3,2018-01-20 17:36:37,1516462597000.0,1,006d4d1f-bb22-11ec-9080-a4bb6de99622
83,640,360,cam_3,2018-01-20 17:12:35,1516461155000.0,1,006d4d20-bb22-11ec-9080-a4bb6de99622
83,640,360,cam_3,2018-01-20 14:07:00,1516450020000.0,1,006d4d21-bb22-11ec-9080-a4bb6de99622
83,640,360,cam_3,2018-01-20 15:17:50,1516454270000.0,1,006d4d22-bb22-11ec-9080-a4bb6de99622
83,640,360,cam_3,2018-01-20 19:14:18,1516468458000.0,1,006d4d23-bb22-11ec-9080-a4bb6de99622
83,640,360,cam_3,2018-01-20 14:32:16,1516451536000.0,1,006d4d24-bb22-11ec-9080-a4bb6de99622
83,640,360,cam_3,2018-01-20 13:31:08,1516447868000.0,1,006d4d25-bb22-11ec-9080-a4bb6de99622
83,640,360,cam_3,2018-01-20 18:19:49,1516465189000.0,1,006d4d26-bb22-11ec-9080-a4bb6de99622
83,640,360,cam_3,2018-01-20 15:43:14,1516455794000.0,1,006d4d27-bb22-11ec-9080-a4bb6de99622
83,640,360,cam_3,2018-01-20 16:19:10,1516457950000.0,1,006d4d28-bb22-11ec-9080-a4bb6de99622
83,640,360,cam_3,2018-01-20 15:47:54,1516456074000.0,1,006d4d29-bb22-11ec-9080-a4bb6de99622
83,640,360,cam_3,2018-01-20 16:08:16,1516457296000.0,1,006d4d2a-bb22-11ec-9080-a4bb6de99622
83,640,360,cam_3,2018-01-20 18:15:40,1516464940000.0,1,006d4d2b-bb22-11ec-9080-a4bb6de99622
83,640,360,cam_3,2018-01-20 15:48:16,1516456096000.0,1,006d4d2c-bb22-11ec-9080-a4bb6de99622
83,640,360,cam_3,2018-01-20 15:10:38,1516453838000.0,1,006d4d2d-bb22-11ec-9080-a4bb6de99622
83,640,360,cam_3,2018-01-20 16:10:42,1516457442000.0,1,006d4d2e-bb22-11ec-9080-a4bb6de99622
83,640,360,cam_3,2018-01-20 18:21:07,1516465267000.0,1,006d4d2f-bb22-11ec-9080-a4bb6de99622
83,640,360,cam_3,2018-01-20 15:37:02,1516455422000.0,1,006d4d30-bb22-11ec-9080-a4bb6de99622
83,640,360,cam_3,2018-01-20 18:59:45,1516467585000.0,1,006d4d31-bb22-11ec-9080-a4bb6de99622
83,640,360,cam_3,2018-01-20 14:16:04,1516450564000.0,1,006d4d32-bb22-11ec-9080-a4bb6de99622
83,640,360,cam_3,2018-01-20 18:45:05,1516466705000.0,1,006d4d33-bb22-11ec-9080-a4bb6de99622
83,640,360,cam_3,2018-01-20 19:09:04,1516468144000.0,1,006d4d34-bb22-11ec-9080-a4bb6de99622
83,640,360,cam_3,2018-01-20 14:28:51,1516451331000.0,1,006d4d35-bb22-11ec-9080-a4bb6de99622
83,640,360,cam_3,2018-01-20 16:12:19,1516457539000.0,1,006d4d36-bb22-11ec-9080-a4bb6de99622
83,640,360,cam_3,2018-01-20 18:51:32,1516467092000.0,1,006d4d37-bb22-11ec-9080-a4bb6de99622
83,640,360,cam_3,2018-01-20 14:13:40,1516450420000.0,1,006d4d38-bb22-11ec-9080-a4bb6de99622
83,640,360,cam_3,2018-01-20 19:06:11,1516467971000.0,1,006d4d39-bb22-11ec-9080-a4bb6de99622
83,640,360,cam_3,2018-01-20 14:08:21,1516450101000.0,1,006d4d3a-bb22-11ec-9080-a4bb6de99622
83,640,360,cam_3,2018-01-20 19:42:22,1516470142000.0,1,006d4d3b-bb22-11ec-9080-a4bb6de99622
83,640,360,cam_3,2018-01-20 15:58:42,1516456722000.0,1,006d4d3c-bb22-11ec-9080-a4bb6de99622
83,640,360,cam_3,2018-01-20 13:58:56,1516449536000.0,1,006d4d3d-bb22-11ec-9080-a4bb6de99622
83,640,360,cam_3,2018-01-20 13:47:11,1516448831000.0,1,006d4d3e-bb22-11ec-9080-a4bb6de99622
83,640,360,cam_3,2018-01-20 14:44:22,1516452262000.0,1,006d4d3f-bb22-11ec-9080-a4bb6de99622
83,640,360,cam_3,2018-01-20 19:39:51,1516469991000.0,1,006d4d40-bb22-11ec-9080-a4bb6de99622
83,640,360,cam_3,2018-01-20 19:27:40,1516469260000.0,1,006d4d41-bb22-11ec-9080-a4bb6de99622
83,640,360,cam_3,2018-01-20 13:56:30,1516449390000.0,1,006d4d42-bb22-11ec-9080-a4bb6de99622
83,640,360,cam_3,2018-01-20 18:21:12,1516465272000.0,1,006d4d43-bb22-11ec-9080-a4bb6de99622
83,640,360,cam_3,2018-01-20 14:30:06,1516451406000.0,1,006d4d44-bb22-11ec-9080-a4bb6de99622
83,640,360,cam_3,2018-01-20 16:26:59,1516458419000.0,1,006d4d45-bb22-11ec-9080-a4bb6de99622
83,640,360,cam_3,2018-01-20 18:26:38,1516465598000.0,1,006d4d46-bb22-11ec-9080-a4bb6de99622
83,640,360,cam_3,2018-01-20 17:10:07,1516461007000.0,1,006d4d47-bb22-11ec-9080-a4bb6de99622
83,640,360,cam_3,2018-01-20 18:53:54,1516467234000.0,1,006d4d48-bb22-11ec-9080-a4bb6de99622
83,640,360,cam_3,2018-01-20 17:10:27,1516461027000.0,1,006d4d49-bb22-11ec-9080-a4bb6de99622
83,640,360,cam_3,2018-01-20 15:07:51,1516453671000.0,1,006d4d4a-bb22-11ec-9080-a4bb6de99622
83,640,360,cam_3,2018-01-20 19:49:28,1516470568000.0,1,006d4d4b-bb22-11ec-9080-a4bb6de99622
83,640,360,cam_3,2018-01-20 14:50:47,1516452647000.0,1,006d4d4c-bb22-11ec-9080-a4bb6de99622
83,640,360,cam_3,2018-01-20 13:30:16,1516447816000.0,1,006d4d4d-bb22-11ec-9080-a4bb6de99622
83,640,360,cam_3,2018-01-20 15:31:58,1516455118000.0,1,006d4d4e-bb22-11ec-9080-a4bb6de99622
83,640,360,cam_3,2018-01-20 15:10:50,1516453850000.0,1,006d4d4f-bb22-11ec-9080-a4bb6de99622
83,640,360,cam_3,2018-01-20 15:07:23,1516453643000.0,1,006d4d50-bb22-11ec-9080-a4bb6de99622
83,640,360,cam_3,2018-01-20 19:21:27,1516468887000.0,1,006d4d51-bb22-11ec-9080-a4bb6de99622
83,640,360,cam_3,2018-01-20 17:25:58,1516461958000.0,1,006d4d52-bb22-11ec-9080-a4bb6de99622
83,640,360,cam_3,2018-01-20 18:00:50,1516464050000.0,1,006d4d53-bb22-11ec-9080-a4bb6de99622
83,640,360,cam_3,2018-01-20 18:31:12,1516465872000.0,1,006d4d54-bb22-11ec-9080-a4bb6de99622
83,640,360,cam_3,2018-01-20 19:00:40,1516467640000.0,1,006d4d55-bb22-11ec-9080-a4bb6de99622
83,640,360,cam_3,2018-01-20 13:49:38,1516448978000.0,1,006d4d56-bb22-11ec-9080-a4bb6de99622
83,640,360,cam_3,2018-01-20 13:54:13,1516449253000.0,1,006d4d57-bb22-11ec-9080-a4bb6de99622
83,640,360,cam_3,2018-01-20 14:58:06,1516453086000.0,1,006d4d58-bb22-11ec-9080-a4bb6de99622
83,640,360,cam_3,2018-01-20 17:03:01,1516460581000.0,1,006d4d59-bb22-11ec-9080-a4bb6de99622
83,640,360,cam_3,2018-01-20 14:31:33,1516451493000.0,1,006d4d5a-bb22-11ec-9080-a4bb6de99622
83,640,360,cam_3,2018-01-20 17:39:21,1516462761000.0,1,006d4d5b-bb22-11ec-9080-a4bb6de99622
83,640,360,cam_3,2018-01-20 14:29:33,1516451373000.0,1,006d4d5c-bb22-11ec-9080-a4bb6de99622
83,640,360,cam_3,2018-01-20 18:36:51,1516466211000.0,1,006d4d5d-bb22-11ec-9080-a4bb6de99622
83,640,360,cam_3,2018-01-20 17:33:26,1516462406000.0,1,006d4d5e-bb22-11ec-9080-a4bb6de99622
83,640,360,cam_3,2018-01-20 17:56:09,1516463769000.0,1,006d4d5f-bb22-11ec-9080-a4bb6de99622
83,640,360,cam_3,2018-01-20 18:04:04,1516464244000.0,1,006d4d60-bb22-11ec-9080-a4bb6de99622
83,640,360,cam_3,2018-01-20 13:57:21,1516449441000.0,1,006d4d61-bb22-11ec-9080-a4bb6de99622
83,640,360,cam_3,2018-01-20 19:27:28,1516469248000.0,1,006d4d62-bb22-11ec-9080-a4bb6de99622
83,640,360,cam_3,2018-01-20 18:20:07,1516465207000.0,1,006d4d63-bb22-11ec-9080-a4bb6de99622
83,640,360,cam_3,2018-01-20 19:23:24,1516469004000.0,1,006d4d64-bb22-11ec-9080-a4bb6de99622
83,640,360,cam_3,2018-01-20 15:48:51,1516456131000.0,1,006d4d65-bb22-11ec-9080-a4bb6de99622
83,640,360,cam_3,2018-01-20 14:14:39,1516450479000.0,1,006d4d66-bb22-11ec-9080-a4bb6de99622
83,640,360,cam_3,2018-01-20 14:42:13,1516452133000.0,1,006d4d67-bb22-11ec-9080-a4bb6de99622
83,640,360,cam_3,2018-01-20 14:03:15,1516449795000.0,1,006d4d68-bb22-11ec-9080-a4bb6de99622
83,640,360,cam_3,2018-01-20 19:43:32,1516470212000.0,1,006d4d69-bb22-11ec-9080-a4bb6de99622
83,640,360,cam_3,2018-01-20 14:33:44,1516451624000.0,1,006d4d6a-bb22-11ec-9080-a4bb6de99622
83,640,360,cam_3,2018-01-20 16:53:31,1516460011000.0,1,006d4d6b-bb22-11ec-9080-a4bb6de99622
83,640,360,cam_3,2018-01-20 14:18:04,1516450684000.0,1,006d4d6c-bb22-11ec-9080-a4bb6de99622
83,640,360,cam_3,2018-01-20 18:40:08,1516466408000.0,1,006d4d6d-bb22-11ec-9080-a4bb6de99622
83,640,360,cam_3,2018-01-20 15:32:46,1516455166000.0,1,006d4d6e-bb22-11ec-9080-a4bb6de99622
83,640,360,cam_3,2018-01-20 18:27:57,1516465677000.0,1,006d4d6f-bb22-11ec-9080-a4bb6de99622
83,640,360,cam_3,2018-01-20 14:42:48,1516452168000.0,1,006d4d70-bb22-11ec-9080-a4bb6de99622
83,640,360,cam_3,2018-01-20 13:58:56,1516449536000.0,1,006d4d71-bb22-11ec-9080-a4bb6de99622
83,640,360,cam_3,2018-01-20 17:33:28,1516462408000.0,1,006d4d72-bb22-11ec-9080-a4bb6de99622
83,640,360,cam_3,2018-01-20 15:00:45,1516453245000.0,1,006d4d73-bb22-11ec-9080-a4bb6de99622
83,640,360,cam_3,2018-01-20 14:03:08,1516449788000.0,1,006d4d74-bb22-11ec-9080-a4bb6de99622
83,640,360,cam_3,2018-01-20 17:22:35,1516461755000.0,1,006d4d75-bb22-11ec-9080-a4bb6de99622
83,640,360,cam_3,2018-01-20 16:27:47,1516458467000.0,1,006d4d76-bb22-11ec-9080-a4bb6de99622
83,640,360,cam_3,2018-01-20 17:30:30,1516462230000.0,1,006d4d77-bb22-11ec-9080-a4bb6de99622
83,640,360,cam_3,2018-01-20 14:26:23,1516451183000.0,1,006d4d78-bb22-11ec-9080-a4bb6de99622
83,640,360,cam_3,2018-01-20 19:42:27,1516470147000.0,1,006d4d79-bb22-11ec-9080-a4bb6de99622
83,640,360,cam_3,2018-01-20 17:26:03,1516461963000.0,1,006d4d7a-bb22-11ec-9080-a4bb6de99622
83,640,360,cam_3,2018-01-20 17:33:28,1516462408000.0,1,006d4d7b-bb22-11ec-9080-a4bb6de99622
83,640,360,cam_3,2018-01-20 19:43:15,1516470195000.0,1,006d4d7c-bb22-11ec-9080-a4bb6de99622
83,640,360,cam_3,2018-01-20 14:59:09,1516453149000.0,1,006d4d7d-bb22-11ec-9080-a4bb6de99622
83,640,360,cam_3,2018-01-20 15:29:32,1516454972000.0,1,006d4d7e-bb22-11ec-9080-a4bb6de99622
83,640,360,cam_3,2018-01-20 14:04:59,1516449899000.0,1,006d4d7f-bb22-11ec-9080-a4bb6de99622
83,640,360,cam_3,2018-01-20 17:44:07,1516463047000.0,1,006d4d80-bb22-11ec-9080-a4bb6de99622
83,640,360,cam_3,2018-01-20 14:41:19,1516452079000.0,1,006d4d81-bb22-11ec-9080-a4bb6de99622
83,640,360,cam_3,2018-01-20 18:42:01,1516466521000.0,1,006d4d82-bb22-11ec-9080-a4bb6de99622
83,640,360,cam_3,2018-01-20 15:03:35,1516453415000.0,1,006d4d83-bb22-11ec-9080-a4bb6de99622
83,640,360,cam_3,2018-01-20 16:45:26,1516459526000.0,1,006d4d84-bb22-11ec-9080-a4bb6de99622
83,640,360,cam_3,2018-01-20 13:49:15,1516448955000.0,1,006d4d85-bb22-11ec-9080-a4bb6de99622
83,640,360,cam_3,2018-01-20 16:38:15,1516459095000.0,1,006d4d86-bb22-11ec-9080-a4bb6de99622
83,640,360,cam_3,2018-01-20 15:40:47,1516455647000.0,1,006d4d87-bb22-11ec-9080-a4bb6de99622
83,640,360,cam_3,2018-01-20 16:05:14,1516457114000.0,1,006d4d88-bb22-11ec-9080-a4bb6de99622
83,640,360,cam_3,2018-01-20 15:40:17,1516455617000.0,1,006d4d89-bb22-11ec-9080-a4bb6de99622
83,640,360,cam_3,2018-01-20 17:10:39,1516461039000.0,1,006d4d8a-bb22-11ec-9080-a4bb6de99622
83,640,360,cam_3,2018-01-20 18:23:42,1516465422000.0,1,006d4d8b-bb22-11ec-9080-a4bb6de99622
83,640,360,cam_3,2018-01-20 17:00:24,1516460424000.0,1,006d4d8c-bb22-11ec-9080-a4bb6de99622
83,640,360,cam_3,2018-01-20 17:32:07,1516462327000.0,1,006d4d8d-bb22-11ec-9080-a4bb6de99622
83,640,360,cam_3,2018-01-20 18:29:36,1516465776000.0,1,006d4d8e-bb22-11ec-9080-a4bb6de99622
83,640,360,cam_3,2018-01-20 16:37:09,1516459029000.0,1,006d4d8f-bb22-11ec-9080-a4bb6de99622
83,640,360,cam_3,2018-01-20 15:25:39,1516454739000.0,1,006d4d90-bb22-11ec-9080-a4bb6de99622
83,640,360,cam_3,2018-01-20 14:21:44,1516450904000.0,1,006d4d91-bb22-11ec-9080-a4bb6de99622
83,640,360,cam_3,2018-01-20 14:39:38,1516451978000.0,1,006d4d92-bb22-11ec-9080-a4bb6de99622
83,640,360,cam_3,2018-01-20 15:53:44,1516456424000.0,1,006d4d93-bb22-11ec-9080-a4bb6de99622
83,640,360,cam_3,2018-01-20 14:42:18,1516452138000.0,1,006d4d94-bb22-11ec-9080-a4bb6de99622
83,640,360,cam_3,2018-01-20 16:22:09,1516458129000.0,1,006d4d95-bb22-11ec-9080-a4bb6de99622
83,640,360,cam_3,2018-01-20 15:48:51,1516456131000.0,1,006d4d96-bb22-11ec-9080-a4bb6de99622
83,640,360,cam_3,2018-01-20 14:48:10,1516452490000.0,1,006d4d97-bb22-11ec-9080-a4bb6de99622
83,640,360,cam_3,2018-01-20 15:32:39,1516455159000.0,1,006d4d98-bb22-11ec-9080-a4bb6de99622
83,640,360,cam_3,2018-01-20 17:29:25,1516462165000.0,1,006d4d99-bb22-11ec-9080-a4bb6de99622
83,640,360,cam_3,2018-01-20 14:50:28,1516452628000.0,1,006d4d9a-bb22-11ec-9080-a4bb6de99622
83,640,360,cam_3,2018-01-20 18:47:10,1516466830000.0,1,006d4d9b-bb22-11ec-9080-a4bb6de99622
83,640,360,cam_3,2018-01-20 14:26:56,1516451216000.0,1,006d4d9c-bb22-11ec-9080-a4bb6de99622
83,640,360,cam_3,2018-01-20 14:02:34,1516449754000.0,1,006d4d9d-bb22-11ec-9080-a4bb6de99622
83,640,360,cam_3,2018-01-20 18:35:25,1516466125000.0,1,006d4d9e-bb22-11ec-9080-a4bb6de99622
83,640,360,cam_3,2018-01-20 19:35:09,1516469709000.0,1,006d4d9f-bb22-11ec-9080-a4bb6de99622
83,640,360,cam_3,2018-01-20 13:39:59,1516448399000.0,1,006d4da0-bb22-11ec-9080-a4bb6de99622
83,640,360,cam_3,2018-01-20 16:44:46,1516459486000.0,1,006d4da1-bb22-11ec-9080-a4bb6de99622
83,640,360,cam_3,2018-01-20 14:58:08,1516453088000.0,1,006d4da2-bb22-11ec-9080-a4bb6de99622
83,640,360,cam_3,2018-01-20 14:36:20,1516451780000.0,1,006d4da3-bb22-11ec-9080-a4bb6de99622
83,640,360,cam_3,2018-01-20 17:19:44,1516461584000.0,1,006d4da4-bb22-11ec-9080-a4bb6de99622
83,640,360,cam_3,2018-01-20 15:58:00,1516456680000.0,1,006d4da5-bb22-11ec-9080-a4bb6de99622
83,640,360,cam_3,2018-01-20 18:38:56,1516466336000.0,1,006d4da6-bb22-11ec-9080-a4bb6de99622
83,640,360,cam_3,2018-01-20 14:43:33,1516452213000.0,1,006d4da7-bb22-11ec-9080-a4bb6de99622
83,640,360,cam_3,2018-01-20 13:48:19,1516448899000.0,1,006d4da8-bb22-11ec-9080-a4bb6de99622
83,640,360,cam_3,2018-01-20 19:32:22,1516469542000.0,1,006d4da9-bb22-11ec-9080-a4bb6de99622
83,640,360,cam_3,2018-01-20 14:16:56,1516450616000.0,1,006d4daa-bb22-11ec-9080-a4bb6de99622
83,640,360,cam_3,2018-01-20 14:28:02,1516451282000.0,1,006d4dab-bb22-11ec-9080-a4bb6de99622
83,640,360,cam_3,2018-01-20 13:40:16,1516448416000.0,1,006d4dac-bb22-11ec-9080-a4bb6de99622
83,640,360,cam_3,2018-01-20 13:55:41,1516449341000.0,1,006d4dad-bb22-11ec-9080-a4bb6de99622
83,640,360,cam_3,2018-01-20 19:14:50,1516468490000.0,1,006d4dae-bb22-11ec-9080-a4bb6de99622
83,640,360,cam_3,2018-01-20 14:38:16,1516451896000.0,1,006d4daf-bb22-11ec-9080-a4bb6de99622
83,640,360,cam_3,2018-01-20 17:18:16,1516461496000.0,1,006d4db0-bb22-11ec-9080-a4bb6de99622
83,640,360,cam_3,2018-01-20 15:46:50,1516456010000.0,1,006d4db1-bb22-11ec-9080-a4bb6de99622
83,640,360,cam_3,2018-01-20 17:36:31,1516462591000.0,1,006d4db2-bb22-11ec-9080-a4bb6de99622
83,640,360,cam_3,2018-01-20 18:49:29,1516466969000.0,1,006d4db3-bb22-11ec-9080-a4bb6de99622
83,640,360,cam_3,2018-01-20 14:08:48,1516450128000.0,1,006d4db4-bb22-11ec-9080-a4bb6de99622
83,640,360,cam_3,2018-01-20 19:39:18,1516469958000.0,1,006d4db5-bb22-11ec-9080-a4bb6de99622
83,640,360,cam_3,2018-01-20 14:09:59,1516450199000.0,1,006d4db6-bb22-11ec-9080-a4bb6de99622
83,640,360,cam_3,2018-01-20 14:24:53,1516451093000.0,1,006d4db7-bb22-11ec-9080-a4bb6de99622
83,640,360,cam_3,2018-01-20 17:26:46,1516462006000.0,1,006d4db8-bb22-11ec-9080-a4bb6de99622
83,640,360,cam_3,2018-01-20 13:40:03,1516448403000.0,1,006d4db9-bb22-11ec-9080-a4bb6de99622
83,640,360,cam_3,2018-01-20 18:38:38,1516466318000.0,1,006d4dba-bb22-11ec-9080-a4bb6de99622
83,640,360,cam_3,2018-01-20 16:11:55,1516457515000.0,1,006d4dbb-bb22-11ec-9080-a4bb6de99622
83,640,360,cam_3,2018-01-20 16:32:48,1516458768000.0,1,006d4dbc-bb22-11ec-9080-a4bb6de99622
83,640,360,cam_3,2018-01-20 14:04:20,1516449860000.0,1,006d4dbd-bb22-11ec-9080-a4bb6de99622
83,640,360,cam_3,2018-01-20 15:10:46,1516453846000.0,1,006d4dbe-bb22-11ec-9080-a4bb6de99622
83,640,360,cam_3,2018-01-20 17:20:04,1516461604000.0,1,006d4dbf-bb22-11ec-9080-a4bb6de99622
83,640,360,cam_3,2018-01-20 16:59:58,1516460398000.0,1,006d4dc0-bb22-11ec-9080-a4bb6de99622
83,640,360,cam_3,2018-01-20 18:19:35,1516465175000.0,1,006d4dc1-bb22-11ec-9080-a4bb6de99622
83,640,360,cam_3,2018-01-20 17:33:04,1516462384000.0,1,006d4dc2-bb22-11ec-9080-a4bb6de99622
83,640,360,cam_3,2018-01-20 19:16:42,1516468602000.0,1,006d4dc3-bb22-11ec-9080-a4bb6de99622
83,640,360,cam_3,2018-01-20 14:26:01,1516451161000.0,1,006d4dc4-bb22-11ec-9080-a4bb6de99622
83,640,360,cam_3,2018-01-20 17:55:47,1516463747000.0,1,006d4dc5-bb22-11ec-9080-a4bb6de99622
83,640,360,cam_3,2018-01-20 18:33:56,1516466036000.0,1,006d4dc6-bb22-11ec-9080-a4bb6de99622
83,640,360,cam_3,2018-01-20 15:33:30,1516455210000.0,1,006d4dc7-bb22-11ec-9080-a4bb6de99622
83,640,360,cam_3,2018-01-20 18:57:52,1516467472000.0,1,006d4dc8-bb22-11ec-9080-a4bb6de99622
83,640,360,cam_3,2018-01-20 14:04:05,1516449845000.0,1,006d4dc9-bb22-11ec-9080-a4bb6de99622
83,640,360,cam_3,2018-01-20 18:55:46,1516467346000.0,1,006d4dca-bb22-11ec-9080-a4bb6de99622
83,640,360,cam_3,2018-01-20 19:49:22,1516470562000.0,1,006d4dcb-bb22-11ec-9080-a4bb6de99622
83,640,360,cam_3,2018-01-20 14:56:33,1516452993000.0,1,006d4dcc-bb22-11ec-9080-a4bb6de99622
83,640,360,cam_3,2018-01-20 14:14:46,1516450486000.0,1,006d4dcd-bb22-11ec-9080-a4bb6de99622
83,640,360,cam_3,2018-01-20 17:54:52,1516463692000.0,1,006d4dce-bb22-11ec-9080-a4bb6de99622
83,640,360,cam_3,2018-01-20 13:43:52,1516448632000.0,1,006d4dcf-bb22-11ec-9080-a4bb6de99622
83,640,360,cam_3,2018-01-20 19:00:09,1516467609000.0,1,006d4dd0-bb22-11ec-9080-a4bb6de99622
83,640,360,cam_3,2018-01-20 13:37:30,1516448250000.0,1,006d4dd1-bb22-11ec-9080-a4bb6de99622
83,640,360,cam_3,2018-01-20 19:26:42,1516469202000.0,1,006d4dd2-bb22-11ec-9080-a4bb6de99622
83,640,360,cam_3,2018-01-20 17:17:18,1516461438000.0,1,006d4dd3-bb22-11ec-9080-a4bb6de99622
83,640,360,cam_3,2018-01-20 17:04:25,1516460665000.0,1,006d4dd4-bb22-11ec-9080-a4bb6de99622
83,640,360,cam_3,2018-01-20 19:13:10,1516468390000.0,1,006d4dd5-bb22-11ec-9080-a4bb6de99622
83,640,360,cam_3,2018-01-20 18:13:35,1516464815000.0,1,006d4dd6-bb22-11ec-9080-a4bb6de99622
83,640,360,cam_3,2018-01-20 17:07:08,1516460828000.0,1,006d4dd7-bb22-11ec-9080-a4bb6de99622
83,640,360,cam_3,2018-01-20 15:54:02,1516456442000.0,1,006d4dd8-bb22-11ec-9080-a4bb6de99622
83,640,360,cam_3,2018-01-20 15:06:47,1516453607000.0,1,006d4dd9-bb22-11ec-9080-a4bb6de99622
83,640,360,cam_3,2018-01-20 19:41:58,1516470118000.0,1,006d4dda-bb22-11ec-9080-a4bb6de99622
83,640,360,cam_3,2018-01-20 14:29:08,1516451348000.0,1,006d4ddb-bb22-11ec-9080-a4bb6de99622
83,640,360,cam_3,2018-01-20 16:14:01,1516457641000.0,1,006d4ddc-bb22-11ec-9080-a4bb6de99622
83,640,360,cam_3,2018-01-20 16:23:02,1516458182000.0,1,006d4ddd-bb22-11ec-9080-a4bb6de99622
83,640,360,cam_3,2018-01-20 13:43:40,1516448620000.0,1,006d4dde-bb22-11ec-9080-a4bb6de99622
83,640,360,cam_3,2018-01-20 15:53:53,1516456433000.0,1,006d4ddf-bb22-11ec-9080-a4bb6de99622
83,640,360,cam_3,2018-01-20 17:27:16,1516462036000.0,1,006d4de0-bb22-11ec-9080-a4bb6de99622
83,640,360,cam_3,2018-01-20 19:23:26,1516469006000.0,1,006d4de1-bb22-11ec-9080-a4bb6de99622
83,640,360,cam_3,2018-01-20 15:08:19,1516453699000.0,1,006d4de2-bb22-11ec-9080-a4bb6de99622
83,640,360,cam_3,2018-01-20 13:30:51,1516447851000.0,1,006d4de3-bb22-11ec-9080-a4bb6de99622
83,640,360,cam_3,2018-01-20 13:57:18,1516449438000.0,1,006d4de4-bb22-11ec-9080-a4bb6de99622
83,640,360,cam_3,2018-01-20 16:18:48,1516457928000.0,1,006d4de5-bb22-11ec-9080-a4bb6de99622
83,640,360,cam_3,2018-01-20 16:59:44,1516460384000.0,1,006d4de6-bb22-11ec-9080-a4bb6de99622
83,640,360,cam_3,2018-01-20 15:04:00,1516453440000.0,1,006d4de7-bb22-11ec-9080-a4bb6de99622
83,640,360,cam_3,2018-01-20 17:26:48,1516462008000.0,1,006d4de8-bb22-11ec-9080-a4bb6de99622
83,640,360,cam_3,2018-01-20 16:23:06,1516458186000.0,1,006d4de9-bb22-11ec-9080-a4bb6de99622
83,640,360,cam_3,2018-01-20 14:06:37,1516449997000.0,1,006d4dea-bb22-11ec-9080-a4bb6de99622
83,640,360,cam_3,2018-01-20 15:51:46,1516456306000.0,1,006d4deb-bb22-11ec-9080-a4bb6de99622
83,640,360,cam_3,2018-01-20 16:03:53,1516457033000.0,1,006d4dec-bb22-11ec-9080-a4bb6de99622
83,640,360,cam_3,2018-01-20 19:49:54,1516470594000.0,1,006d4ded-bb22-11ec-9080-a4bb6de99622
83,640,360,cam_3,2018-01-20 17:51:23,1516463483000.0,1,006d4dee-bb22-11ec-9080-a4bb6de99622
83,640,360,cam_3,2018-01-20 19:18:36,1516468716000.0,1,006d4def-bb22-11ec-9080-a4bb6de99622
83,640,360,cam_3,2018-01-20 14:08:17,1516450097000.0,1,006d4df0-bb22-11ec-9080-a4bb6de99622
83,640,360,cam_3,2018-01-20 15:58:52,1516456732000.0,1,006d4df1-bb22-11ec-9080-a4bb6de99622
83,640,360,cam_3,2018-01-20 19:13:25,1516468405000.0,1,006d4df2-bb22-11ec-9080-a4bb6de99622
83,640,360,cam_3,2018-01-20 14:24:02,1516451042000.0,1,006d4df3-bb22-11ec-9080-a4bb6de99622
83,640,360,cam_3,2018-01-20 19:07:28,1516468048000.0,1,006d4df4-bb22-11ec-9080-a4bb6de99622
83,640,360,cam_3,2018-01-20 16:35:02,1516458902000.0,1,006d4df5-bb22-11ec-9080-a4bb6de99622
83,640,360,cam_3,2018-01-20 17:44:55,1516463095000.0,1,006d4df6-bb22-11ec-9080-a4bb6de99622
83,640,360,cam_3,2018-01-20 19:28:55,1516469335000.0,1,006d4df7-bb22-11ec-9080-a4bb6de99622
83,640,360,cam_3,2018-01-20 14:24:19,1516451059000.0,1,006d4df8-bb22-11ec-9080-a4bb6de99622
83,640,360,cam_3,2018-01-20 18:44:57,1516466697000.0,1,006d4df9-bb22-11ec-9080-a4bb6de99622
83,640,360,cam_3,2018-01-20 15:38:13,1516455493000.0,1,006d4dfa-bb22-11ec-9080-a4bb6de99622
83,640,360,cam_3,2018-01-20 15:00:31,1516453231000.0,1,006d4dfb-bb22-11ec-9080-a4bb6de99622
83,640,360,cam_3,2018-01-20 15:04:57,1516453497000.0,1,006d4dfc-bb22-11ec-9080-a4bb6de99622
83,640,360,cam_3,2018-01-20 16:27:55,1516458475000.0,1,006d4dfd-bb22-11ec-9080-a4bb6de99622
83,640,360,cam_3,2018-01-20 16:54:38,1516460078000.0,1,006d4dfe-bb22-11ec-9080-a4bb6de99622
83,640,360,cam_3,2018-01-20 17:24:54,1516461894000.0,1,006d4dff-bb22-11ec-9080-a4bb6de99622
83,640,360,cam_3,2018-01-20 14:02:58,1516449778000.0,1,006d4e00-bb22-11ec-9080-a4bb6de99622
83,640,360,cam_3,2018-01-20 19:43:16,1516470196000.0,1,006d4e01-bb22-11ec-9080-a4bb6de99622
83,640,360,cam_3,2018-01-20 18:47:04,1516466824000.0,1,006d4e02-bb22-11ec-9080-a4bb6de99622
83,640,360,cam_3,2018-01-20 18:49:59,1516466999000.0,1,006d4e03-bb22-11ec-9080-a4bb6de99622
83,640,360,cam_3,2018-01-20 14:05:22,1516449922000.0,1,006d4e04-bb22-11ec-9080-a4bb6de99622
83,640,360,cam_3,2018-01-20 14:03:22,1516449802000.0,1,006d4e05-bb22-11ec-9080-a4bb6de99622
83,640,360,cam_3,2018-01-20 19:28:19,1516469299000.0,1,006d4e06-bb22-11ec-9080-a4bb6de99622
83,640,360,cam_3,2018-01-20 14:48:39,1516452519000.0,1,006d4e07-bb22-11ec-9080-a4bb6de99622
83,640,360,cam_3,2018-01-20 16:22:23,1516458143000.0,1,006d4e08-bb22-11ec-9080-a4bb6de99622
83,640,360,cam_3,2018-01-20 16:33:01,1516458781000.0,1,006d4e09-bb22-11ec-9080-a4bb6de99622
83,640,360,cam_3,2018-01-20 16:04:43,1516457083000.0,1,006d4e0a-bb22-11ec-9080-a4bb6de99622
83,640,360,cam_3,2018-01-20 16:23:53,1516458233000.0,1,006d4e0b-bb22-11ec-9080-a4bb6de99622
83,640,360,cam_3,2018-01-20 17:56:01,1516463761000.0,1,006d4e0c-bb22-11ec-9080-a4bb6de99622
83,640,360,cam_3,2018-01-20 16:26:54,1516458414000.0,1,006d4e0d-bb22-11ec-9080-a4bb6de99622
83,640,360,cam_3,2018-01-20 15:47:11,1516456031000.0,1,006d4e0e-bb22-11ec-9080-a4bb6de99622
83,640,360,cam_3,2018-01-20 13:58:43,1516449523000.0,1,006d4e0f-bb22-11ec-9080-a4bb6de99622
83,640,360,cam_3,2018-01-20 14:13:58,1516450438000.0,1,006d4e10-bb22-11ec-9080-a4bb6de99622
83,640,360,cam_3,2018-01-20 14:23:12,1516450992000.0,1,006d4e11-bb22-11ec-9080-a4bb6de99622
83,640,360,cam_3,2018-01-20 15:28:11,1516454891000.0,1,006d4e12-bb22-11ec-9080-a4bb6de99622
83,640,360,cam_3,2018-01-20 16:53:24,1516460004000.0,1,006d4e13-bb22-11ec-9080-a4bb6de99622
83,640,360,cam_3,2018-01-20 19:46:40,1516470400000.0,1,006d4e14-bb22-11ec-9080-a4bb6de99622
83,640,360,cam_3,2018-01-20 13:39:07,1516448347000.0,1,006d4e15-bb22-11ec-9080-a4bb6de99622
83,640,360,cam_3,2018-01-20 15:22:10,1516454530000.0,1,006d4e16-bb22-11ec-9080-a4bb6de99622
83,640,360,cam_3,2018-01-20 14:15:34,1516450534000.0,1,006d4e17-bb22-11ec-9080-a4bb6de99622
83,640,360,cam_3,2018-01-20 19:25:54,1516469154000.0,1,006d4e18-bb22-11ec-9080-a4bb6de99622
83,640,360,cam_3,2018-01-20 16:31:02,1516458662000.0,1,006d4e19-bb22-11ec-9080-a4bb6de99622
83,640,360,cam_3,2018-01-20 19:21:02,1516468862000.0,1,006d4e1a-bb22-11ec-9080-a4bb6de99622
83,640,360,cam_3,2018-01-20 15:04:54,1516453494000.0,1,006d4e1b-bb22-11ec-9080-a4bb6de99622
83,640,360,cam_3,2018-01-20 17:04:36,1516460676000.0,1,006d4e1c-bb22-11ec-9080-a4bb6de99622
83,640,360,cam_3,2018-01-20 18:15:18,1516464918000.0,1,006d4e1d-bb22-11ec-9080-a4bb6de99622
